"post_title","post_address","post_city","post_region","post_country","post_zip","post_latitude","post_longitude","phone","email","website","post_content","post_tags","business_hours","post_images","range_length_yards","number_of_lanes","facility_type","has_pro_shop","has_3d_course","has_field_course","membership_required","membership_price_adult","drop_in_price","equipment_rental_available","lessons_available","lesson_price_range","bow_types_allowed","accessibility"
"Big Horn Archery Club","5513 Highway 24 (Outdoor); 5830 Horse Lake Rd (Indoor)","100 Mile House","British Columbia","Canada","V0K 1X0","","","(250) 644-8613 (Grayson Klassen)","membership@lonebuttefishandwildlife.com","https://lonebuttefishandwildlife.com/","Discover the premier archery experience at **Big Horn Archery Club** in **100 Mile House, British Columbia**. As a hub for archery enthusiasts in the Cariboo region, this versatile club offers both high-quality **indoor and outdoor archery ranges** to accommodate shooters in every season. Whether you are practicing your aim in the dedicated indoor archery bay during the winter or enjoying the expansive outdoor range at Lone Butte Fish and Wildlife Association, Big Horn provides a welcoming environment for all skill levels.

Affiliated with Bighorn Archery Club events, the facility is perfect for **traditional, compound, and recurve bow** enthusiasts looking for a local **archery club in BC**. With affordable adult and youth memberships, it's the ideal destination for families and individuals eager to improve their accuracy. From introductory coaching sessions to registered target events, Big Horn Archery Club is your go-to source for competitive and recreational archery in 100 Mile House. Visit today to join a vibrant community of archers!","Indoor/Outdoor","Wed 7 PM (until temps below -10C)","","Indoor Archery Bay; Outdoor Range","Check club for range hours; Indoor winter shooting often Tue 7-9 PM","$50 (Adult) / $40 (Youth) / $35 (Child) - Bighorn Rates; Check Lone Butte for range fees","$10 (Adult) / $2 (Junior) - Guest Fee","Yes (During introductory events)","Introductory nights available","No for shoots","$30 adult, $50 family","$5 registration + $5/round","Yes","","","Recurve, Compound, Longbow, Traditional, Primitive",""
"Sagittarius Archers / Abbotsford Fish and Game Club","N/A (See Starr Archery or Abbotsford Fish & Game)","Abbotsford","British Columbia","Canada","N/A","","","N/A","N/A","N/A","Experience top-tier target practice at **Starr Archery**, part of the prestigious **Abbotsford Fish and Game Club** in **Abbotsford, British Columbia**. This premier **archery facility** serves both the Abbotsford and Mission communities, providing a comprehensive range system for archers of all experience levels. Whether you prefer the precision of a 20-yard **indoor archery range** during the colder months or the challenge of a 70-yard **outdoor archery range** and a scenic 3D trail during the summer, Starr Archery has the perfect environment for you.

The club is home to the Sagittarius Archers sub-club, which hosts popular Wednesday night drop-in sessions for non-members looking for affordable **archery in Abbotsford**. With expert coaching available and a robust youth program, it is an ideal spot for beginners to learn the ropes with **recurve, compound, or traditional bows**. For serious enthusiasts, the competitive membership rates and high-quality maintenance make it a standout destination for **archery training in BC**. Join the Abbotsford Fish and Game Club today to elevate your skills in a professional and supportive setting.","N/A","Wed 7 PM (drop-in)","","N/A","N/A","N/A","N/A","N/A","N/A","Yes (AFGC) for regular; Drop-in Wed","$30/person, $35/family","$10","Yes ($10, indoor only)","","","Recurve, Compound, Traditional",""
"Starr Archery","4161 Lakemount Road","Abbotsford/Mission","British Columbia","Canada","V3G 2J1","49.1223136","-122.2374939","(604) 852-4101","info@abbotsfordfishandgameclub.org","https://abbotsfordfishandgameclub.org/","Experience top-tier target practice at **Starr Archery**, part of the prestigious **Abbotsford Fish and Game Club** in **Abbotsford, British Columbia**. This premier **archery facility** serves both the Abbotsford and Mission communities, providing a comprehensive range system for archers of all experience levels. Whether you prefer the precision of a 20-yard **indoor archery range** during the colder months or the challenge of a 70-yard **outdoor archery range** and a scenic 3D trail during the summer, Starr Archery has the perfect environment for you.

The club is home to the Sagittarius Archers sub-club, which hosts popular Wednesday night drop-in sessions for non-members looking for affordable **archery in Abbotsford**. With expert coaching available and a robust youth program, it is an ideal spot for beginners to learn the ropes with **recurve, compound, or traditional bows**. For serious enthusiasts, the competitive membership rates and high-quality maintenance make it a standout destination for **archery training in BC**. Join the Abbotsford Fish and Game Club today to elevate your skills in a professional and supportive setting.","Indoor/Outdoor","Tue/Thu 5-8pm (outdoor season); Thu only (indoor season)","N/A","Indoor (20 yd); Outdoor (70 yd); 3D Trail","Wed 7-9 PM (Sagittarius Drop-in); General Range: 8 AM-10 PM","$170 (Adult) / $195 (Family) + $50 Work Bee deposit","$10 (Wed Night Drop-in) / Guest Fee $10","Yes ($10 rental on Wed nights)","Wed Night Drop-in coaching available","Yes for regular shooting","Indoor: $150 returning/$200 new; Outdoor: $175 returning/$225 new","$15","Yes (Thu only)","Yes","N/A","Recurve, Compound, Traditional","N/A"
"Armstrong District Fish & Game Assoc.","1428 Reservoir Road","Armstrong","British Columbia","Canada","V0E 1B0","50.4445481","-119.1941593","250-306-0737","ADFGA.Archery@gmail.com","http://www.adfga.ca","Discover the historic and family-friendly archery experience at **Armstrong District Fish & Game Assoc.** in **Armstrong, British Columbia**. Serving the community since 1953, our **outdoor archery range** on Reservoir Road provides a serene and well-maintained environment for archers of all levels. As a cornerstone of **archery in the North Okanagan**, we pride ourselves on fostering the next generation of shooters through our highly acclaimed **""Archery for Kids"" program**, which features seasonal coached sessions every Saturday morning.

Whether you are a seasoned compound shooter or a beginner interested in **recurve and traditional archery**, our facilities offer expansive target space from dawn until dusk. With affordable annual memberships for individuals and families, and accessible drop-in rates for our youth programs, Armstrong District Fish & Game Assoc. is the perfect place to grow your skills. Join a club with decades of heritage and enjoy the best of **outdoor shooting in BC**. Visit our range today to see why we are the top choice for **archery training in Armstrong!**","Outdoor Range","Archery: Sat 10 AM-12 PM (kids coached); General range: 8:30 AM to dusk or 8:30 PM","N/A","Outdoor Archery Range","Range: 8:30 AM to Dusk; Kids Program: Sat mornings (seasonal)","$90 (Adult/Senior) / $100 (Family)","$5 Guest Fee (must be with member); $10 Non-member Drop-in (Kids)","Yes (For Kids Program)","Archery for Kids (Coached)","Yes","N/A","$25","N/A","Yes","$10 per coached session","N/A","N/A"
"Burnaby Archers","Joe Sakic Way","Burnaby","British Columbia","Canada","V5B 4Z6","49.254208","-122.965581","N/A","burnabyarcherspresident@gmail.com","http://burnabyarchers.org","Looking for a dedicated space to practice your aim in the Lower Mainland? **Burnaby Archers** offers an exclusive, members-only **outdoor archery range** located in the beautiful **Burnaby Lake Regional Park, British Columbia**. This year-round facility is a haven for serious archers who own their own equipment and are looking for a tranquil environment to hone their skills. Operating from dawn until dusk, the range provides a picturesque setting on Joe Sakic Way, making it one of the most accessible **archery clubs in Burnaby**.

As a members-only club, Burnaby Archers prioritizes a focused shooting experience for **recurve, compound, and traditional bow** enthusiasts. While we do not offer drop-ins, rentals, or formal lessons, our affordable annual individual and family memberships provide unlimited access to one of the best **outdoor shooting ranges in BC**. Whether you're training for competition or shooting for recreation, Burnaby Archers is the premier choice for disciplined archers in the Vancouver area. Join our community today to enjoy the finest **archery in Burnaby!**","Archery club, Archery range","Daily dawn to dusk (year-round)","N/A","N/A","N/A","Outdoor","No","No","No","Yes","$110 individual / $220 family","N/A - Members only","No","No","N/A","Recurve, Compound, Traditional","N/A"
"New Totem Archery - Outdoor Range","9785 Jones Rd","Charlie Lake","British Columbia","Canada","V0C 1H0","56.275366","-120.834015","250-329-4899","newtotemarchery@live.com","https://newtotemarchery.net/","Experience the rugged beauty of the Peace region at **New Totem Archery - Outdoor Range** in **Charlie Lake, British Columbia**. As a premier destination for outdoor enthusiasts in Northern BC, our expansive range at 9785 Jones Rd offers a dedicated space for archers to practice their skills in a natural, open-air environment. Whether you are a fan of **compound, recurve, traditional, or barebow archery**, our facility is designed to provide a challenging and rewarding experience for shooters of all levels.

Open during scheduled times on Wednesday evenings and Sunday afternoons, New Totem Archery is the perfect spot for local residents and visitors to enjoy the sport of **archery in Charlie Lake**. With comprehensive annual memberships available for individuals, families, and juniors, we foster a community-driven atmosphere where accuracy and safety are paramount. Join us today to explore one of the finest **outdoor archery ranges in Northern BC** and take your shooting to the next altitude. New Totem Archery is your home for precision shooting in the heart of the Peace River country!","Archery range","Wed 7-9 PM; Sun 2-4 PM","N/A","N/A","N/A","Outdoor","No","Yes","N/A","Yes","$250 individual / $400 family (Junior $120)","$10","N/A","Yes","N/A","Compound, Recurve, Traditional, Barebow","N/A"
"Chilliwack Fish and Game","48685 Chilliwack Lake Rd","Chilliwack","British Columbia","Canada","V4Z 1A6","49.0807500","-121.8783461","604-824-1703","bruce_a22@hotmail.com","https://chilliwackfishandgame.com/archery/","Elevate your archery skills at **Chilliwack Fish and Game**, a premier destination for **archery in Chilliwack, British Columbia**. Nestled along Chilliwack Lake Road, our club features a highly active archery section suitable for shooters of all experience levels. We offer a versatile shooting experience with a professional **indoor archery range** for the winter months and high-quality **outdoor archery ranges** when the weather permits. Our facilities are designed to accommodate **compound, recurve, and traditional bows**, ensuring a comprehensive environment for every archer.

Join our vibrant community for our popular Thursday night shoots from 5-7 PM, a perfect opportunity for target practice and networking with fellow enthusiasts. We are also proud to offer a dedicated **Women's Introduction to Archery** program, fostering a supportive atmosphere for new female shooters. Whether you are looking for a top-tier **archery club in the Fraser Valley** or basic introductory coaching, Chilliwack Fish and Game provides the expertise and facilities you need. Visit us today and discover why we are the leading choice for **archery training in Chilliwack!**","Archery club","Thu 5-7 PM","N/A","N/A","N/A","Indoor/Outdoor","No","N/A","N/A","Yes","N/A","N/A","Yes","Yes (Women's Intro)","N/A","N/A","N/A"
"Burke Mountain Archers","5000 Upper Harper Road","Coquitlam","British Columbia","Canada","V3E 3H1","49.3088168","-122.7482478","N/A","burke.archery@gmail.com","https://pcdhfc.com/clubs/archery/","Experience the thrill of precision shooting at **Burke Mountain Archers**, the premier **archery facility in Coquitlam, British Columbia**. Affiliated with the Port Coquitlam & District Hunting and Fishing Club (PCDHFC), our range at 5000 Upper Harper Road offers a comprehensive experience for archers of all ages and skill levels. We specialize in both **indoor and outdoor archery**, providing year-round opportunities to hone your skills. Our 18m indoor range is perfect for consistent practice, while our beautiful outdoor settings offer a more rustic challenge.

For young aspiring archers, we proudly host the **Junior Olympian Program (JOP)**, a structured development initiative designed to foster excellence and safe shooting habits. We also offer popular **indoor drop-in nights**, making it easy for the community to access high-quality **archery in Coquitlam**. Whether you are a competitive recurve archer or a recreational compound shooter, Burke Mountain Archers provides the professional environment and expert community you need. Visit us today to join the top **archery club in the Tri-Cities!**","Indoor/Outdoor","N/A","N/A","Indoor: 18m; Outdoor: N/A","N/A","Indoor/Outdoor","No","Yes","Yes","N/A","$155 individual / $200 family (PCDHFC membership)","N/A","N/A","N/A","$120/year JOP","Recurve, Compound, Crossbow (<350fps)","N/A"
"Courtenay & District Fish & Game Protective Assoc.","3780 Colake Road","Courtenay","British Columbia","Canada","V9N 5N4","49.682355","-125.027562","250-338-5159","archery@courtenayfishandgame.org","https://www.courtenayfishandgame.org/archery","Discover the ultimate outdoor shooting experience at **Courtenay & District Fish & Game Protective Assoc.**, the premier **archery club in Courtenay, British Columbia**. Located on the scenic Vancouver Island, our facility at 3780 Colake Road offers an unparalleled environment for archers of all specialties. We feature an extensive **outdoor field range** with target butts ranging from 10 to 70 yards, perfect for honing accuracy at various distances. For those seeking adventure, our legendary **3km 3D archery trail** provides a diverse array of animal targets set in a beautiful natural landscape, making it a must-visit for **archery enthusiasts on Vancouver Island**.

Archery is more than just a sport at Courtenay Fish and Game; it's a community. Our facilities include the cozy Old Archers Cabin, complete with a wood stove for a rustic experience, and a dedicated field house for events. We are committed to growth, offering a **Junior Olympian Program (JOP)** for youth and hosting open house events on the first Sunday of every month. Whether you're a competitive shooter or a family looking for a new hobby, our **archery training and facilities in Courtenay** are second to none. Visit us today to experience the best of **3D and field archery in BC!**","Archery club","N/A","N/A","Field Range: 10-70 yards; 3D Trails","Dawn to Dusk (Members); Open House 1st Sun/month 10am-2pm","Outdoor","Free (First Sunday of Month Open House)","Yes (During Open House only)","Volunteers at Open House; JOP Program","Yes","Approx. $200/year (couple hundred)","N/A","N/A","N/A","N/A","N/A","Cabin with wood stove"
"Cranbrook Archery Club","2279 Cranbrook St N","Cranbrook","British Columbia","Canada","V1C 3T3","","","N/A","cranbrookarcherysecretary@gmail.com","http://www.cranbrookarcheryclub.com","Discover the premier archery experience in the Kootenays at **Cranbrook Archery Club**, located in **Cranbrook, British Columbia**. As a cornerstone of the East Kootenay sporting community, our club is dedicated to the growth and promotion of archery for all ages and skill levels. We offer comprehensive facilities, including a well-maintained **indoor 18m archery range** for year-round practice and an expansive **outdoor archery range** for high-performance training. Whether you are a fan of competitive target archery or looking to explore the excitement of our annual **3D archery shoots**, our club provides the perfect environment to hone your skills.

At Cranbrook Archery Club, we are proud to support the next generation through our dedicated **youth archery programs** and Junior Olympian Program (JOP). Affiliated with Archery Canada and BC Archery, we host a variety of registered target events and family-friendly shoots that attract enthusiasts from across the province. Whether you shoot a **compound, recurve, or traditional bow**, you'll find a welcoming community and expert guidance at our facility. Visit us today to experience the best **archery training in Cranbrook** and join our growing family of archers!","Archery club","","","Indoor 18m Range; Outdoor Range","Club Night: Tue 7-9PM; See website for events","$15 (Individual) / $25 (Family) + BC Archery Fee","N/A","No","Yes (Youth Program)","Yes","","","","Yes (JOP)","","",""
"Cowichan Bowmen","3044 Doupe Rd","Duncan","British Columbia","Canada","V9L 6R8","48.748176","-123.708788","(250) 882-3220","president@cowichanbowmen.com","http://cowichanbowmen.com/","Discover the vibrant archery community at **Cowichan Bowmen**, the premier **archery club in Duncan, British Columbia**. Located in the heart of Vancouver Island, our facility at 3044 Doupe Rd offers an exceptional shooting experience for archers of all levels. We pride ourselves on having some of the most comprehensive facilities on the island, including a **10-lane indoor 18m archery range** for year-round practice, a **3-acre outdoor target range**, and a challenging **16-target field course**. Whether you shoot a **compound, recurve, barebow, or traditional bow**, Cowichan Bowmen provides the perfect setting to sharpen your skills.

We are deeply committed to family-friendly sports, hosting dedicated **Family Night drop-in sessions** every Tuesday and Thursday evening. These sessions include equipment rentals and introductory instruction, making it the ideal way for beginners to enter the world of **archery in Duncan**. For younger shooters, we offer a specialized **Junior Olympian Program (JOP)** on Monday nights to foster competitive excellence. If you're looking for professional **archery training on Vancouver Island**, Cowichan Bowmen is your go-to destination. Visit us today to join our passionate community of archers!","Archery club","Family Night (Drop-in): Tue 6-7:15PM, Thu 6-8PM; Members: Year-round access","N/A","10-lane Indoor (18m); 3-acre Outdoor Target; 16-target Field Course","N/A","Indoor/Outdoor","N/A","N/A","Yes","Yes","$150 (Adult) / $200 (Family) / $100 (Senior)","$5.00 (Family Night - Includes Equipment)","Yes (During Family Night)","Yes","Intro Instruction at Family Night; JOP Program (Mon)","Compound, Recurve, Traditional, Barebow","N/A"
"Fernie Rod and Gun Club","Coal Creek Road (Archery Range); Mailing: Box 1448","Fernie","British Columbia","Canada","V0B 1M0","49.4887","-115.0626","(250) 423-3495","president@ferniergc.com","http://www.ferniergc.com","Immerse yourself in the mountain sports lifestyle at **Fernie Rod and Gun Club**, your premier destination for **archery in Fernie, British Columbia**. Established as a hub for outdoor excellence, our club offers versatile facilities that cater to archers throughout the year. Located on Coal Creek Road, we feature a professional **indoor archery range** that is highly popular during the winter months, alongside exciting **outdoor 3D fun shoots** that take place during the summer season. Whether you are a seasoned hunter or a recreational target shooter, our club provides a supportive environment to sharpen your accuracy.

At Fernie Rod and Gun Club, we are dedicated to providing accessible **archery training in the Kootenays**. Our winter indoor programs are designed to keep your skills sharp when the snow falls, and our community events offer a great way for families to engage in the sport. With affordable annual memberships and dedicated range access, we make it easy for residents and visitors to enjoy high-quality **archery in Fernie**. Whether you shoot a **compound or recurve bow**, join us today to experience the best of mountain archery. Visit our website for upcoming shoots and program details!","Archery club","Check Facebook/Website for Events; Winter Indoor Program","N/A","Indoor Range; Outdoor Range (Coal Creek Rd)","N/A","Indoor/Outdoor","N/A","Yes","N/A","Yes","$60 (Adult) / $80 (Family) + $40 Indoor Range Access","N/A (See Membership)","N/A","Yes","N/A","N/A","N/A"
"New Totem Archery Club - Indoor Range","9223 100 St (Indoor); 9169 Jones Subdivision Rd (Outdoor)","Fort St John","British Columbia","Canada","V1J 3X3 ","56.238298","-120.845537","(250) 329-4899 / (250) 785-6866","newtotemarchery@live.com","https://newtotemarchery.net/","Step into the world of precision shooting at **New Totem Archery Club - Indoor Range**, the focal point for **archery in Fort St John, British Columbia**. Conveniently located at 9223 100 St, our facility provides a top-tier **indoor archery range** featuring 20-yard lanes, perfect for year-round practice and skill development. We also offer access to an extensive **outdoor archery course** at Jones Subdivision Road, which includes a professional 20-target 3D course and field ranges spanning 10 to 60 yards. Whether you are a fan of **compound, recurve, traditional, or barebow archery**, New Totem provides the space and community you need to excel.

As a cornerstone of **archery in the Peace region**, we are dedicated to making the sport accessible to everyone. Our club offers basic instruction for new archers and intermediate classes to help you master your technique. With scheduled sessions on Wednesday evenings and Sunday afternoons, and affordable memberships for adults, families, and juniors, **New Totem Archery Club** is the ideal destination for competitive training and recreational fun. Visit us today and discover why we are the premier choice for **archery in Fort St John and Northern BC!**","Indoor/Outdoor","Wed 6:45-8:30 PM; Sun 2-4 PM","N/A","Indoor: 20-yard; Outdoor: 20-target 3D Course & 10-60 yard Field","N/A","Indoor/Outdoor","N/A","Yes","Yes","Yes","$250 (Adult) / $400 (Family) / $120 (Junior)","$10.00","Yes (For New Archers)","Yes","Basic Instruction; Intermediate Classes ($30-$60)","Compound, Recurve, Traditional, Barebow","N/A"
"Kamloops Target Sports Association - Bowbenders","755 Lansdowne St (Indoor); Hillside Dr (Outdoor)","Kamloops","British Columbia","Canada","","","","250-320-0234 / 778-694-6667","admin-assistant@ktsa.ca / archery@ktsa.ca","https://ktsa.ca/","Discover the ultimate shooting experience at **Kamloops Target Sports Association (KTSA) - Bowbenders**, the premier destination for **archery in Kamloops, British Columbia**. Offering a unique dual-facility setup, our club caters to archers of all levels throughout the year. Our **indoor archery range**, located conveniently in downtown Kamloops at 755 Lansdowne St, features 10-lanes (18m) perfect for perfecting your technique regardless of the weather. For those who prefer the great outdoors, our expansive **hillside outdoor range** on Hillside Dr provides a stunning natural backdrop for target practice from dawn until dusk.

Whether you shoot a **compound, recurve, or traditional bow**, KTSA Bowbenders is committed to fostering a supportive community. We offer highly popular **Beginners Introductory Courses** and a dedicated **Junior Archery program** to help new archers build a solid foundation. With competitive membership rates for individuals and families, and accessible drop-in options via digital punchcards, we are the top choice for **archery training in the Thompson-Okanagan region**. Join us today to experience the best of **indoor and outdoor shooting in BC** and become part of Kamloops' thriving archery scene!","Indoor/Outdoor","Indoor: Sun (at SRD K9's facility)","","Indoor: 10-lane (18m); Outdoor Hillside Range","Indoor: Tue 6:30-8:00 PM; Sun 5-9 PM (at SRD K9); Outdoor: Dawn to Dusk","$185.40 (Single) / $226.60 (Family) / $108.15 (Senior)","$6.50 (Adult) / $4.50 (Seniors & Youth) with Digital Punchcard","Yes (Included in Intro Courses)","Beginners Intro ($20-$35); Junior Archery ($80 for 4 weeks)","Yes (KTSA)","","Weekly fee at SRD K9","","Yes (Intro courses)","","No broadheads or crossbows on club targets",""
"The Feathered Fletch Archery School & Range","750 McClure Rd","Kelowna","British Columbia","Canada","V1W 1M3","49.816093","-119.479714","(306) 570-4056","admin@wethinkoutside.com","https://www.thefeatheredfletch.ca/","Elevate your precision and passion at **The Feathered Fletch Archery School & Range**, the premier destination for **archery in Kelowna, British Columbia**. Located at 750 McClure Rd, our facility is more than just a range; it’s a dedicated academy designed to build confidence and accuracy in archers of all skill levels. We specialize in comprehensive **archery lessons in Kelowna**, offering professional instruction for **compound, recurve, and traditional bows**. Whether you are a beginner looking for a foundational workshop or an experienced shooter seeking a scenic **outdoor summer shoot**, our expert-led programs provide the perfect environment for growth.

The Feathered Fletch is renowned for its inclusive atmosphere, hosting unique workshops, summer camps, and group events for up to 30 shooters. Our seasonal **outdoor archery range** sessions offer a beautiful setting for target practice, while our structured full-length courses ensure long-term skill development. With convenient hours from Monday through Saturday and specialized coaching for both youth and adults, we are the leading choice for **archery training in the Okanagan region**. Visit us today and discover why The Feathered Fletch is the top-rated **archery school in BC!**","Sports club","Mon-Sat 8 AM-7 PM; Sun Closed","N/A","Indoor & Outdoor Instruction; Group events up to 30 shooters","N/A","Indoor/Outdoor","N/A","N/A","N/A","No","N/A (Class-based)","$55 (Workshop Drop-in); $15 (Summer Shoots)","Yes","Yes","Full Courses ($245-$280); Summer Shoots ($15); Group Events","Compound, Recurve, Traditional","N/A"
"Kelowna & District Fish & Game Club","4041 Casorso Rd","Kelowna","British Columbia","Canada","V1W 4N6","49.8483","-119.4041","(250) 764-7558","info@kdfgc.org","https://kdfgc.org/","Experience unparalleled shooting variety at **Kelowna & District Fish & Game Club**, a premier destination for **archery in Kelowna, British Columbia**. As one of the largest and most established clubs in the Okanagan, our facility at 4041 Casorso Rd offers a comprehensive archery program for shooters of all disciplines. We feature an impressive array of ranges, including a year-round **indoor archery range**, an expansive **outdoor 3D archery course**, and a dedicated field range. Whether you are a high-performance compound archer or a traditional recursive enthusiast, our club provides the professional setting and community you need.

At Kelowna & District Fish & Game Club, we are committed to fostering the future of the sport through our highly active **Junior Olympian Program (JOP)** and specialized adult archery leagues. Our facilities are designed for year-round utility, with scheduled league nights and public access via guest passes when accompanied by a member. Whether you are training for competition or enjoying a family outing on our scenic 3D trail, our **archery training in Kelowna** is second to none. Visit us today to experience the best **indoor and outdoor shooting in the Okanagan!**","Indoor/Outdoor","Weekdays 9:00AM-8:00PM; Weekends 9:00AM-5:00PM; Indoor scheduled","N/A","Indoor Range; Lower/Upper Ranges; 3D Range; Field Range","N/A","Indoor/Outdoor","N/A","Yes","Yes","Yes","$355 (Adult + Spouse) / $405 (Family) / $65 (Junior)","$25 (Adult Guest) / $5 (Junior Guest) - must be with member","Yes (During JOP/Intro Programs)","Yes","BCAA Adult Archery; BCAA JOP Program","Compound, Recurve, Traditional","N/A"
"Langley Archers","N/A (Transitional - contacting for facility)","Langley","British Columbia","Canada","N/A","N/A","N/A","(604) 328-4461","N/A","https://langleyarchers.wixsite.com/langley-archers","Master the art of the bow with **Langley Archers**, the premier provider of professional **archery training in Langley, British Columbia**. Led by a team of highly experienced and certified instructors, Langley Archers specializes in high-quality **archery lessons** for shooters of all ages and skill levels. Whether you are a beginner looking for an introductory workshop or a competitive shooter seeking advanced coaching for **compound, recurve, or traditional bows**, our structured programs are designed to build a strong foundation of safety, technique, and accuracy.

Currently in a transitional phase to a new permanent facility, Langley Archers continues to offer exceptional mobile and transitional training services throughout the Langley area. We take pride in our versatility, hosting popular **youth archery camps**, intensive workshops, and customized group events. Our group lessons provide a comprehensive two-hour experience that covers the essentials of modern shooting in a supportive environment. For those seeking expert **archery training in the Fraser Valley**, Langley Archers remains the top choice for skill development and personal growth. Contact us today to book your next session!","N/A (Mobile/Transitional)","Contact for lesson availability","N/A","N/A","N/A","Mobile/Transitional","N/A","N/A","N/A","N/A","N/A","N/A","Yes (During lessons)","Yes","$200 (Group Lesson / 2hr); Certified training, camps, and workshops","Compound, Recurve, Traditional","N/A"
"Langley Rod & Gun Club","3854 - 208th Street","Langley","British Columbia","Canada","V3A 4X7","49.1064","-122.6851","(604) 534-3525","manager@lrgc.com / archery.lrgc@gmail.com","http://www.lrgc.com","Experience professional training and versatile facilities at **Langley Rod & Gun Club**, a top-tier destination for **archery in Langley, British Columbia**. Located at 3854 - 208th Street, our club offers a comprehensive environment for archers of all specialties. We pride ourselves on providing both a high-quality **indoor archery range** for year-round practice and an expansive **outdoor archery range** that caters to shooters from dawn until dusk. Whether you shoot a **compound, recurve, or traditional bow**, our facilities are designed to help you achieve peak performance.

Langley Rod & Gun Club is dedicated to building a strong archery community through accessible **beginner archery lessons** and specialized coaching. We offer flexible drop-in options for both members and non-members, with affordable rental equipment available for those new to the sport. With a focus on safety and skill development, our club is the ideal choice for families and individuals looking for **archery training in the Fraser Valley**. Join us today to enjoy professional facilities and expert guidance in a welcoming atmosphere. Visit our website for membership details and lesson schedules!","Indoor/Outdoor","Office: Wed 11-7:30, Fri-Sun 10/11-4:30; Indoor: Sun 5-7 PM & Wed; Outdoor: 9AM-Dusk","N/A","Indoor Archery Range; Outdoor Archery Range","N/A","Indoor/Outdoor","N/A","N/A","N/A","Yes","$236.25 (Adult/Family) + insurance","$10.00 (Non-members) / $6.00 (Members drop-in); $8.00/session for members","Yes ($5 for non-members; Free for members)","Yes","Beginner lessons available (contact for arrangement)","Compound, Recurve, Traditional","N/A"
"Maple Ridge Archery Club","11925 Haney Pl (Indoor); 27150 106th Ave (Outdoor)","Maple Ridge","British Columbia","Canada","V2W 1Y6 ","49.2167","-122.5986","N/A","mapleridgearchery@gmail.com","http://www.mapleridgearchery.com","Discover a year-round destination for precision shooting at **Maple Ridge Archery Club**, the premier **archery club in Maple Ridge, British Columbia**. Our club offers a unique seasonal experience, with a professional **indoor archery range** at the Maple Ridge Leisure Centre during the winter months (October – April) and a stunning **outdoor archery range** at Selvey Park during the summer season (May – September). Whether you are a fan of high-performance **compound bows** or traditional **recurve and longbow** shooting, our facilities are designed to accommodate archers of all skill levels.

Maple Ridge Archery Club is a hub for community engagement, offering highly popular **""Try-it Nights""** for beginners and a dedicated **Junior Olympian Program (JOP)** for young aspiring archers. Our structured introductory courses provide a comprehensive foundation in safety and technique, making us the top choice for **archery training in the Fraser Valley**. With flexible membership options and accessible drop-in sessions for non-members, we foster a supportive and inclusive environment. Visit us today to experience the best of **indoor and outdoor shooting in BC!**","Indoor/Outdoor","Indoor: Thu 6:30-8:30 PM, Sun 6:30-8 PM; Outdoor: Tue/Thu 5-8 PM, Sat 8 AM-1 PM","N/A","Indoor Gym Range; Outdoor Park Range","N/A","Indoor/Outdoor","N/A","N/A","N/A","Yes","$165 (Adult w/ equipment) / $225 (w/o equipment) / $440 (Family)","$10 (w/ BC Archery) / $15 (Non-member) / $35 (Try-it Night)","Yes (Included in Try-it/Intro)","Yes (JOP)","Introduction to Archery Course ($100); JOP Program; Try-it Nights","Compound, Recurve, Traditional","N/A"
"Ridgedale Rod and Gun Club","35655 Harris Rd","Maple Ridge","British Columbia","Canada","V3G 1R7","49.2326","-122.5123","(604) 826-0552","officeadmin@ridgedale.net / archery@ridgedale.net","https://ridgedale.net/","Elevate your accuracy at **Ridgedale Rod and Gun Club**, a premier facility for **archery in Maple Ridge, British Columbia**. Located at 35655 Harris Rd, our club features an exceptional **outdoor archery range** with targets spanning up to 70 yards, providing the perfect challenge for both competitive and recreational shooters. During the summer months, our members enjoy a professional **3D archery course** set in a beautiful natural landscape. Whether you are a master of the **compound bow** or prefer the tradition of **recurve and longbows**, Ridgedale offers a high-quality environment to hone your skills.

We are deeply committed to the growth of the sport, offering a specialized **""Archery for Beginners"" program** on the fourth Thursday of every month. This program includes expert-led coaching and club-provided equipment, making it the ideal entry point for new archers. With affordable annual memberships and structured weekly practice sessions, we provide the best **archery training in the Fraser Valley region**. Join our active community today to enjoy professional facilities and a dedicated atmosphere for shooting excellence. Visit us at Ridgedale Rod and Gun Club and take your aim to the next level!","Outdoor (Indoor scheduled events)","Office: Tue-Fri 10:30 AM-5:30 PM; Archery Practice: Thu 6:00-8:00 PM","N/A","Outdoor Range (up to 70 yards); 3D Course","N/A","Outdoor","N/A","Yes","N/A","Yes","$165 (Individual) / $190 (Family) / $130 (Senior) + fees","$20 (Adult Guest) / $5 (Junior Guest) - must be with member","Yes ($10 for club bows during beginners program)","Yes","Archery for Beginners (4th Thu of month, 6-7 PM, requires registration)","Compound, Recurve, Traditional","N/A"
"Bowsmith Archery","Mobile Service (Servicing Vancouver Island/Nanaimo)","Nanaimo","British Columbia","Canada","V9R 6X6","49.165884","-123.940065","+12507108944","jordanwm@hotmail.ca","https://bowsmitharchery.com/","Experience the ultimate thrill of **Arrow Tag** and precision shooting with **Bowsmith Archery**, the premier mobile service for **archery in Nanaimo and throughout Vancouver Island, British Columbia**. We specialize in bringing the excitement of **archery dodgeball** directly to your location, making us the perfect choice for birthdays, corporate team-building events, and youth celebrations. Our mobile setup includes all necessary equipment and professional safety instruction, ensuring a fun and high-energy experience for archers of all skill levels.

At Bowsmith Archery, we are more than just a mobile range; we are dedicated to making archery accessible and entertaining. In addition to our popular arrow tag events, we offer flexible booking for individual and group **archery lessons in Nanaimo**, catering to **compound, recurve, and traditional bow** enthusiasts. With convenient evening and weekend availability, we make it easy to integrate the spirit of the bow into your next special occasion. Whether you are looking for an action-packed party or expert-led **archery training on Vancouver Island**, Bowsmith Archery delivers a professional and memorable experience. Book your event today and join the archery revolution!","Mobile Event Service","Mon-Fri 6:00-9:00 PM; Sat 9:00 AM-9:00 PM (By Booking)","N/A","Mobile service - no fixed range","N/A","Mobile/Event Service","N/A","N/A","N/A","N/A","N/A (Event-based booking)","$450 (Private/Youth Event, up to 16 players, 90 mins)","Yes","Yes","Basic instruction included in events; contact for individual lessons","Compound, Recurve, Traditional","N/A"
"Nelson & District Rod & Gun Club","801 Railway St (Indoor); 124 Porto Rico Rd (Outdoor)","Nelson","British Columbia","Canada","V1L 5P7 ","","","(250) 551-7414 (Alan) / (250) 551-7562 (Warren)","Membership@nrgcbc.ca / nelsonbcarchery@gmail.com","http://www.nrgcbc.ca/","Discover a legacy of shooting excellence at **Nelson & District Rod & Gun Club**, the premier destination for **archery in Nelson, British Columbia**. Serving the West Kootenays, our club offers a unique dual-facility experience for archers of all specialties. We feature a well-equipped **indoor archery range** at 801 Railway St for year-round practice and a stunning **outdoor archery range** at Porto Rico Rd. Our outdoor facility is designed with 14 shooting stations and 15 targets, providing an expansive environment for **target and 3D archery** enthusiasts to sharpen their skills.

At Nelson & District Rod & Gun Club, we are committed to fostering the next generation of shooters through our popular **Saturday morning beginner sessions**. These expert-led sessions provide the perfect foundation in safety and technique for new archers. Whether you shoot a **compound, recurve, or traditional bow**, our club provides a supportive community and high-quality facilities for both competitive and recreational shooting. With affordable annual memberships for individuals and families, we are the top choice for **archery training in the Kootenays**. Visit us today and experience the best of **indoor and outdoor shooting in BC!**","Indoor/Outdoor","","","Indoor Range (5 archers); Outdoor (14 stations/15 targets)","Outdoor: 7:30 AM-Dusk; Clubhouse: Wed-Sun 10 AM-3 PM (verify)","$85 (Individual) / $110 (Family) / $30 (Junior)","N/A (Membership required; guest fees apply)","Yes (During Saturday beginner sessions)","Beginner sessions (Sat 11 AM-Noon; contact Greg)","Yes","","","","","","",""
"Boorman Archery","422A East Columbia St","New Westminster","British Columbia","Canada","V3L 3W9","49.2250476","-122.8929030","(604) 524-1674","boormanarchery@gmail.com","https://boormanarchery.com/","Step into the historic heart of precision shooting at **Boorman Archery**, a world-renowned destination for **archery in New Westminster, British Columbia**. Since 1964, our pro shop and professional **indoor archery range** at 422A East Columbia St have served as a cornerstone for the local and international archery community. We specialize in all disciplines, offering high-quality practice space for **recurve, compound, longbow, and traditional** shooters. Our facility is designed for year-round skill development, providing a welcoming environment for both dedicated members and curious beginners.

Boorman Archery is a premier academy for **archery lessons in the Lower Mainland**, featuring expert-led private coaching and popular 4-week adult development courses. Whether you are looking for a comprehensive introduction to the sport or advanced tuning at our full-service **archery pro shop**, our certified team is here to help you achieve your goals. With flexible drop-in options and shooter card memberships, we make it easy to maintain your accuracy. Visit us today to experience the legacy and expertise of one of the most established **archery clubs in BC!**","Indoor Pro Shop & Range","Tue-Sat 9:30 AM-5:00 PM; Sun-Mon Closed","N/A","Indoor Range (Recurve/Traditional/Compound)","N/A","Indoor","Yes","N/A","N/A","N/A","N/A (Drop-in and Shooter Cards available)","$20 (Traditional/Recurve drop-in); $25 (Compound drop-in)","Yes (Not included with Shooter Cards)","Yes","Private/Group lessons ($45-$60/hr); Adult 4-week course ($119.99); Shooter Cards: $120 (Traditional / 8 sessions), $160 (Compound / 8 sessions)","Recurve, Compound, Longbow, Crossbow","N/A"
"North Shore Archers","Brockton School (Indoor), 1150 Lynn Valley Rd","North Vancouver","British Columbia","Canada","V7J 1Z9 ","49.3290132","-123.0534175","N/A","info@northshorearchers.org","http://www.northshorearchers.org","Experience the versatile world of precision shooting with **North Shore Archers**, the premier club for **archery in North Vancouver, British Columbia**. Based at the Brockton School gym at 1150 Lynn Valley Rd, our club offers a unique **indoor pop-up archery range** that caters to shooters of all skill levels. We specialize in providing a safe and supportive environment for **recurve, compound, and traditional bow** enthusiasts. Our scheduled Tuesday evening and Saturday morning sessions are perfect for consistent practice and community engagement in the Lynn Valley area.

North Shore Archers is dedicated to fostering new talent through our highly acclaimed **Beginner Intro Lessons**. These 1.5-hour sessions provide a comprehensive foundation in safety and technique, with high-quality equipment provided for all participants. As a member of BC Archery, we prioritize skill development and offer affordable annual memberships for individuals and families. Whether you are looking for professional **archery training on the North Shore** or a fun recreational activity, our club provides the expertise and facilities you need. Join us today to master the art of the bow in a vibrant and welcoming atmosphere!","Indoor (Pop-up)","Tue 7-9 PM; Sat 10:30 AM-12:30 PM","N/A","Indoor Gym Range (Pop-up)","N/A","Indoor (Pop-up)","N/A","N/A","N/A","Yes (BCAA)","$75 (Adult) / $45 (Junior) / $130 (Family) + BCAA Fee","Range fee each session","Yes ($10 Range Fee for members using club equipment)","Yes","Beginner intro lesson: $35 (1.5 hrs, equipment provided)","Recurve, Compound, Traditional","N/A"
"SOSA Archers - Southern Okanagan Sportsmen's Association","352 Sportsmen's Bowl Road (Outdoor); 5856 Cessna Street (Indoor)","Oliver","British Columbia","Canada","V0H 1T5 ","49.1833330","-119.5500000","(250) 498-4844 (Amos Realty for Membership)","ost287642@gmail.com / mostermeier49@gmail.com","http://www.okanagansportsmen.com/archery.html","Elevate your shooting skills at **SOSA Archers**, the premier destination for **archery in Oliver, British Columbia**. As a division of the Southern Okanagan Sportsmen's Association (SOSA), our club offers a comprehensive dual-facility experience for archers of all disciplines. We feature a high-quality **indoor archery range** at the Air Cadet Building for winter practice and an expansive **outdoor archery range** at 352 Sportsmen's Bowl Road, accessible 365 days a year. Whether you are a fan of **compound and recurve bows** or utilize a **crossbow** in our designated shooting areas, SOSA provides the perfect environment for year-round mastery.

We are deeply committed to the future of the sport, hosting a highly active **Junior Olympian Program (JOP)** every Thursday evening to develop young competitive shooters. Our facility is uniquely equipped with dedicated broadhead pits and specialized crossbow butts, making us the top choice for both recreational target practice and **archery training in the South Okanagan**. With affordable annual memberships and a focus on safety and technique, SOSA Archers fosters a vibrant and inclusive community. Visit us today to experience the best of **indoor and outdoor shooting in BC!**","Indoor/Outdoor","Outdoor: 8AM-9PM; Indoor: Mon & Thu nights (from 6 PM)","N/A","Outdoor: Crossbow butt, Broadhead pit, target butts; Indoor: Air Cadet Bldg","N/A","Indoor/Outdoor","N/A","N/A","N/A","Yes (SOSA + BC Archery for JOP)","$125 (Regular) / $165 (Family) / $95 (Junior) / $115 (Senior)","$6-10 depending on membership","Yes ($5)","Yes (JOP)","Certified NCCP Coaches; JOP Youth Program (Thu)","Recurve, Compound, Crossbow (designated butt)","N/A"
"Arrowsmith Archers / Parksville-Qualicum Fish & Game","1245 Chattell Rd (Henry Range); 1979 Dorman Rd (Dorman Range)","Parksville","British Columbia","Canada","V9P 2H1 ","49.3001728","-124.2616374","(250) 228-3877 (Office) / (250) 716-6431 (Caretaker)","info@pqfg.org / arrowsmitharchers@shaw.ca","https://pqfg.org/","Discover the premier archery experience on Central Vancouver Island with **Arrowsmith Archers**, a division of the **Parksville-Qualicum Fish & Game Association**. Our club offers a comprehensive year-round shooting experience, featuring a professional **indoor archery range** at Nanoose Pentecostal Camp during the winter months (September – May) and two exceptional **outdoor archery ranges** (Henry Range and Dorman Range) for the summer season. Whether you are a fan of high-performance **compound bows**, traditional **recurve bows**, or utilize a **crossbow** in our designated shooting areas, Arrowsmith Archers provides the perfect setting to hone your skills.

We are deeply committed to youth development, hosting a highly active **Junior Olympian Program (JOP)** and providing expert coaching led by certified instructors during our indoor sessions. With affordable annual memberships and accessible equipment rentals, we are the top choice for **archery training in Parksville and the surrounding communities**. Join our vibrant community today to enjoy professional facilities and expert guidance in a supportive atmosphere. Visit us at Arrowsmith Archers and experience the best of **indoor and outdoor shooting in BC!**","Indoor/Outdoor","Indoor: Mon/Wed 6:00-8:00 PM; Outdoor: 9:00 AM-8:00 PM (Summer)","N/A","Henry Range (10-70yds); Dorman Range (Field course & 3D)","N/A","Indoor/Outdoor","N/A","Yes","Yes","Yes (PQFG)","$130 (Regular) / $50 (Junior) + $35 Key Fee","First drop-in free","Yes","Yes","Certified Coaches at indoor sessions; JOP Youth Program","Recurve, Compound, Crossbow (designated)","N/A"
"Penticton Archery Club / Penticton Shooting Sports","1787 Highway 97","Penticton","British Columbia","Canada","V2A 6K6 ","49.4940797","-119.6072556","(250) 328-8619 (Office) / (778) 930-7177 (Greg)","gregghar66@gmail.com","https://www.pentictonshootingsports.com/archery/","Discover the premier archery experience in the South Okanagan at **Penticton Archery Club**, a vital part of **Penticton Shooting Sports** in **Penticton, British Columbia**. Our facility at 1787 Highway 97 offers a comprehensive dual-range system designed to accommodate archers of all skill levels throughout the year. During the winter months, sharpen your accuracy in our professional **indoor 20-yard archery range**, while our expansive **outdoor range** provides targets from 20 to 70 yards for a true summer challenge.

Whether you shoot a **compound, recurve, or traditional bow**, Penticton Archery Club provides a supportive and social environment for practice. We host regular shooting sessions on Wednesday evenings and Saturday afternoons, making it easy to integrate archery into your weekly routine. With affordable annual memberships and a low **drop-in fee of just $5.00** for non-members, we are the most accessible choice for **archery training in Penticton**. Join our community today to enjoy professional facilities and friendly, informal guidance as you master the bow. Visit us and experience the best of **indoor and outdoor shooting in the Okanagan!**","Indoor/Outdoor","Wed 7:00-9:00 PM; Sat 2:00-4:00 PM","N/A","Indoor: 20yds; Outdoor: 20-70yds","N/A","Indoor/Outdoor","N/A","N/A","N/A","Yes","$125 (Adult) / $165 (Family) / $80 (Junior/Student/Senior)","$5.00 for non-members (per night)","Yes (free on National Range Day)","N/A","Informal assistance for beginners; no formal structured lessons listed","Recurve, Compound, Traditional","N/A"
"Silvertip Archers - Indoor Range","835 Central St W","Prince George","British Columbia","Canada","V2M 3C6","53.917045","-122.782735","(778) 416-0674","silvertiparchers@gmail.com","https://silvertiparchers.ca/","Discover the premier year-round archery experience at **Silvertip Archers - Indoor Range**, the focal point for **archery in Prince George, British Columbia**. Located at 835 Central St W, our facility provides a professional **indoor 18m archery range** designed to help archers of all specialties hone their skills. We take pride in offering our members unparalleled convenience with **24/7 key access** from 6:30 AM to 11 PM daily, ensuring you can practice on your own schedule.

Silvertip Archers is deeply committed to the growth of the sport, hosting a highly active **Junior Olympian Program (JOP)** and specialized **Tuesday Development Nights**. For those new to the bow, we offer popular Friday night drop-in sessions for just $5.00, providing an affordable entry point into the world of **archery in Northern BC**. Whether you shoot a **compound, recurve, or traditional bow**, our club provides a supportive community and expert-led **archery training in Prince George**. Join us today and experience the best of indoor shooting!","Indoor Range","Indoor: 6:30 AM - 11 PM daily; Outdoor: 8 AM - sunset (members)","N/A","Indoor 18m/20yd range","N/A","Indoor/Outdoor","N/A","N/A","N/A","Yes","$190 (Adult) / $130 (Junior) / $320 (Family) + BCAA Fee","$5.00 (Friday night drop-in - verify current status)","Yes (Available during drop-in/lessons)","Yes","JOP Program; Tuesday Development Night; Lessons available (contact for pricing)","Compound, Recurve, Traditional","N/A"
"Silvertip Archers - Outdoor","6390 Trans-Canada Hwy","Prince George","British Columbia","Canada","V2K 5C5","53.928195","-122.633846","(778) 416-0674","silvertiparchers@gmail.com","https://silvertiparchers.ca/","Experience the great outdoors and sharpen your precision at **Silvertip Archers - Outdoor**, the premier destination for **archery in Prince George, British Columbia**. Located at 6390 Trans-Canada Hwy, our expansive facility offers a diverse shooting experience with both dedicated **target and field ranges**. Operating from 8:00 AM until sunset, our outdoor range provides a tranquil and professional environment for members to practice their skills in the fresh air of Northern BC.

As a cornerstone of **archery in the Peace region**, Silvertip Archers caters to all disciplines, including **compound, recurve, and traditional bows**. Our outdoor facility is designed for variety, featuring a challenging **3D archery course** and field loops that simulate real-world shooting conditions. While our outdoor range is for experienced archers who own their own equipment, we foster a vibrant community through regular club shoots and competitive events. With comprehensive annual memberships that include access to our indoor range, we are the top choice for **archery training in Prince George**. Visit us today to take your shooting to the next level in the heart of nature!","Outdoor Range","8:00 AM - Sunset (members)","N/A","Target & Field Ranges","N/A","Outdoor","N/A","N/A","Yes","Yes","$190 (Adult) / $130 (Junior) / $320 (Family) + BCAA Fee","N/A (Included in membership)","No (Outdoor range requires own equipment)","N/A","Club shoots and events","Compound, Recurve, Traditional","N/A"
"Quesnel River Archers","160 Barlow Ave (Indoor); Campsite Rd (Outdoor); Sword Ave (Fita)","Quesnel","British Columbia","Canada","V2J 3J4 ","52.9772321","-122.4969964","(250) 249-5623 (Dale Chapplow)","quesnelriverarchers@gmail.com / dalechapplow2@gmail.com","https://www.facebook.com/groups/415123712208449","Discover the premier archery experience in the North Cariboo with **Quesnel River Archers** in **Quesnel, British Columbia**. As a highly active club with a rich history of hosting provincial championships, we offer exceptional facilities for archers of all specialties. Our professional **indoor archery range** at 160 Barlow Ave is perfect for winter training and 18m rounds, while our expansive **outdoor and Fita ranges** on Campsite Rd and Sword Ave provide a stunning backdrop for summer shooting.

Whether you shoot a **compound, recurve, or traditional bow**, Quesnel River Archers provides a supportive community to sharpen your skills. We are particularly proud of our dedicated **children's archery program (K-12)**, which fosters growth and safety in young shooters. With affordable annual memberships and accessibility for both competitive and recreational shooters, we are the top choice for **archery training in Quesnel**. Join us today to experience the best of **indoor and outdoor shooting in BC** and become part of a championship-caliber club!","Indoor/Outdoor","Indoor sessions typically Sat/Sun morning & afternoon; Outdoor dawn-dusk","N/A","Indoor (18m); Outdoor (Pioneer Park); Fita Range","N/A","Indoor/Outdoor","N/A","N/A","N/A","Yes","N/A (Membership through Archery Canada/BC Archery; check for club fees)","$5-$10 (Guest estimate based on local gun club; verify with Dale)","Yes (Available for specific children/beginner programs)","Yes","Children's archery program (K-12); Contact for adult lessons","Compound, Recurve, Traditional","N/A"
"Richmond Rod and Gun Club - Indoor Archery Range","7400 River Rd","Richmond","British Columbia","Canada","V6X 1X5","49.180422","-123.140574","(604) 278-1101","N/A (Contact via website)","https://richmondrodandgunclub.com/","Experience top-tier indoor shooting at **Richmond Rod and Gun Club - Indoor Archery Range**, the premier destination for **archery in Richmond, British Columbia**. Conveniently located at 7400 River Rd, our facility offers a professional environment for archers of all specialties to hone their skills. We pride ourselves on being an inclusive club where **all bow types are welcome**, including compound, recurve, traditional, and even crossbows.

Whether you are a seasoned shooter or a complete beginner, we offer flexible access through our scheduled **indoor drop-in nights** on Mondays, Wednesdays, Thursdays, and Fridays from 7:30 PM to 9:30 PM. For those new to the sport, our highly acclaimed **Beginner Archery Lessons** on Monday nights provide a comprehensive foundation for just $40, including all necessary gear. With affordable drop-in rates and specialized equipment rentals available, we are the top choice for **archery training in the Lower Mainland**. Join our vibrant community today and enjoy expert guidance in a supportive atmosphere. Visit Richmond Rod and Gun Club to take your aim to the next level!","Indoor Range","Mon/Wed/Thu/Fri 7:30 PM - 9:30 PM","N/A","Indoor Range","N/A","Indoor","N/A","N/A","N/A","Yes","$135-$165 (Typical Club Membership); Archery 5-pass $25","$18 (Non-member) / $6 (Member) / $12 (Youth)","Yes ($12 full equipment rental)","Yes","Beginner Lessons ($40 including gear; Mondays)","All bow types (Compound, Recurve, Traditional, Crossbow)","N/A"
"Gum Ying Richmond Archery Club","4221 Shell Rd, Unit 160","Richmond","British Columbia","Canada","V6X 2W8","49.170509","-123.157968","(604) 338-3999","richmondarchery@hotmail.com","http://www.richmondarchery.com/","Experience the excitement of precision shooting at **Gum Ying Richmond Archery Club**, the premier destination for **indoor archery in Richmond, British Columbia**. Conveniently located at 4221 Shell Rd, our facility boasts one of the largest **indoor archery ranges in BC**, with enough space to accommodate up to 70 people and 24 simultaneous shooting spots. Whether you are a fan of **recurve, compound, or traditional longbows**, our professional range is designed to provide a safe and controlled environment for archers of all specialties.

At Gum Ying, we are dedicated to making the sport accessible through expert-led **archery lessons in Richmond**. We offer comprehensive **Introductory Sessions** for beginners, engaging **Family Sessions**, and a highly competitive **Junior Olympian Program (JOP)** for young aspiring archers. With flexible operating hours six days a week and affordable hourly rates, we are the top choice for recreational and competitive **archery training in the Lower Mainland**. Join our vibrant community today to learn from certified instructors and improve your accuracy!","Indoor Range","Tue-Fri 3:30-8:15 PM; Sat 9:30 AM-6:15 PM; Sun 1:30-6:15 PM; Mon 3:30-6 PM","N/A","Indoor (18m; 24 shooting spots)","24","Indoor","N/A","N/A","N/A","No","$35 (Yearly Membership Fee)","$20/hr (Members gear) / $25/hr (w/ Recurve rental)","Yes","Yes","Intro Session ($35); Family Session ($70); JOP ($666.75)","Recurve, Longbow (up to 45lbs), Compound (up to 60lbs)","Free parking underneath building"
"Bulkley Valley Bowmen","Behind Fall Fair Grounds (Outdoor); 7091 Kroeker Road (Indoor at BV Rod & Gun)","Smithers","British Columbia","Canada","V0J 2N0 ","54.7792074","-127.1760991","(250) 877-8734 (Sam Cooper)","membership@bvbowmen.ca / rentals@bvbowmen.com","https://www.bulkleyvalleybowmen.com/","Discover the premier archery experience in the Bulkley Valley with **Bulkley Valley Bowmen** in **Smithers, British Columbia**. Our club offers a comprehensive year-round shooting experience, featuring a professional **indoor archery range** at the Bulkley Valley Rod & Gun Club during the winter months (January – April) and a stunning **outdoor range** located behind the Fall Fair Grounds along the Bulkley River for the summer season. Whether you are a fan of **compound, recurve, or traditional bows**, Bulkley Valley Bowmen provides the perfect setting to hone your skills amidst the natural beauty of Northern BC.

We are deeply committed to fostering the next generation of archers, offering a dedicated **Junior Indoor Archery Program** that is free for members' children. Our scheduled Monday night indoor sessions are popular for consistent practice and community networking. With affordable annual memberships and accessible drop-in sessions, we are the top choice for **archery training in Smithers and the surrounding area**. Join our vibrant community today to enjoy professional facilities and expert guidance in a supportive atmosphere. Visit Bulkley Valley Bowmen and experience the best of **indoor and outdoor shooting in the Bulkley Valley!**","Indoor/Outdoor","Indoor Drop-in: Mon 6:30-9:30 PM (Jan-Apr); Outdoor: Dawn-Dusk","N/A","Indoor Range; Outdoor River-side Range","N/A","Indoor/Outdoor","N/A","N/A","N/A","Yes","$57.80 (Individual) / $85.50 (Family)","$10.00 (Indoor session fee for members)","Yes (Available for events/socials)","Yes","Junior Indoor Archery Program (Free for members' kids)","Compound, Recurve, Traditional","N/A"
"Squamish Valley Rod & Gun Club","2050 Centennial Way","Squamish","British Columbia","Canada","V8B 0A3","49.7286159","-123.1427405","N/A (Email preferred)","archery@svrgc.org","https://svrgc.org/archery-home","Discover the premier archery experience in the Sea-to-Sky corridor at **Squamish Valley Rod & Gun Club** in **Squamish, British Columbia**. Nestled at 2050 Centennial Way, our club offers a comprehensive year-round shooting experience for archers of all specialties. We feature a professional **indoor archery range** for structured sessions during the winter months and an expansive **outdoor archery range** that is open to members every day from 9 AM to 9 PM.

Whether you shoot a **compound, recurve, or traditional bow**, Squamish Valley Rod & Gun Club provides a supportive and social environment to hone your skills. We are deeply committed to youth development through our active **Junior Olympian Program (JOP)** and offer specialized coaching led by certified instructors. With affordable annual memberships and accessible **indoor drop-in sessions** on Wednesday and Friday evenings, we are the top choice for **archery training in Squamish**. Join our vibrant community today to experience the best of **indoor and outdoor shooting in BC** and take your aim to new heights in the heart of the mountains!","Indoor/Outdoor","Indoor: Wed 7:30-9 PM, Fri 7-9 PM; Outdoor: 9 AM-9 PM (members)","N/A","Indoor Range; Outdoor Range","N/A","Indoor/Outdoor","N/A","N/A","N/A","Yes","$125 (Adult Resident) / $165 (Adult Non-Resident) / $190 (Family)","$5.00 (Adult Drop-in) / $2.00 (Junior Drop-in)","Limited (guests)","Yes","Junior Olympic Program (JOP); Certified instructors available.","Compound, Recurve, Traditional","N/A"
"Sunshine Coast Rod and Gun Club","4384 Parkway Drive","Sechelt","British Columbia","Canada","V0N 3A1","49.4446553","-123.7149703","N/A (Email preferred)","archery@scrgc.ca / info@scrgc.ca","https://scrgc.ca/Archery","Discover the ultimate shooting destination on the coast at **Sunshine Coast Rod and Gun Club** in **Sechelt, British Columbia**. Nestled at 4384 Parkway Drive, our club provides an exceptional year-round archery experience for enthusiasts of all ages and skill levels. We feature a versatile range system, including both a professional **indoor archery range** for consistent practice and an expansive **outdoor archery range** set in a beautiful coastal forest. Whether you shoot a **compound, recurve, or traditional bow**, our facility offers the perfect environment to sharpen your accuracy.

We are deeply committed to fostering a strong archery community through our popular **Saturday morning drop-in sessions**. These sessions are perfect for both recreational shooters and those looking for introductory coaching. We also offer a dedicated **youth archery program** every Saturday morning to build a solid foundation for the next generation. With affordable annual memberships and accessible guest fees, we are the top choice for **archery training on the Sunshine Coast**. Join our vibrant community today to enjoy professional facilities and expert-led open house events in a welcoming atmosphere. Visit Sunshine Coast Rod and Gun Club and experience the best of **indoor and outdoor shooting in BC!**","Indoor/Outdoor","Drop-in: Sat 9:30-11:30 AM; Youth: Sat 11:30 AM-1 PM; Members: Sun 9:30 AM","N/A","Indoor Range; Outdoor Range; Trap/Skeet","N/A","Indoor/Outdoor","N/A","N/A","N/A","Yes","$165 (Adult) / $175 (Bundle) / $40 (Junior) / $145 (Senior)","$20.00 (Guest Fee) + $2.00 (Target Fee)","Yes ($10.00 Non-members; $5.00 Members)","Yes","Archery coordinators provide lessons and open house events.","Compound, Recurve, Traditional","N/A"
"Semiahmoo Fish & Game Club / Semiahmoo Archers","1284 184th Street","Surrey","British Columbia","Canada","V3Z 9R9","49.0160557","-122.7182700","(604) 535-8366","archery.sfgc@gmail.com","https://www.sfgc.info/archery","Discover the premier archery experience at **Semiahmoo Fish & Game Club / Semiahmoo Archers** in **Surrey, British Columbia**. Conveniently located at 1284 184th Street, our club offers a comprehensive year-round shooting experience with both professional **indoor and outdoor archery ranges**. Whether you are a fan of **recurve, compound, or crossbow archery**, our facilities provide a safe and supportive environment for archers of all specialties.

At Semiahmoo Archers, we are dedicated to making the sport accessible through expert-led **archery lessons in Surrey**. We offer popular adult archery classes, a highly active **Junior Olympian Program (JOP)** for young aspiring archers, and customizable group events for special occasions. With scheduled indoor drop-in sessions on Monday and Thursday evenings and outdoor targets available from dawn until dusk, we are the top choice for recreational and competitive **archery training in the Lower Mainland**. Join our vibrant community today to experience the best of **indoor and outdoor shooting in BC** and improve your accuracy with certified guidance!","Indoor/Outdoor","Indoor: Mon/Thu 7:30-9:30 PM; Outdoor: Dawn-Dusk","N/A","Indoor Range; Outdoor targets (20-70 yards)","N/A","Indoor/Outdoor","N/A","N/A","N/A","Yes for outdoor; Drop-in for indoor","$120 (Individual) / $150 (Family) / $50 (Junior) / $60 (Senior)","$10.00 (Non-members) / $5.00 (Adult members) / $4.00 (Junior members)","Yes","Yes (JOP, Adult)","Adult Archery Classes; Junior Archery Program (JOP); Group Events","Recurve, Compound, Crossbow (designated butt)","N/A"
"Terrace Whiskey-Jack Archers","Thornhill Junior Secondary (Indoor); 3577 Rifle Range Road (Outdoor)","Terrace","British Columbia","Canada","V8G 3P1 ","54.5172715","-128.5995480","N/A","b_gibson87@hotmail.com","https://www.terrace-archery.com/","Experience the spirit of the bow in Northern BC with **Terrace Whiskey-Jack Archers** in **Terrace, British Columbia**. Our club offers a comprehensive year-round shooting experience for archers of all specialties, featuring a professional **indoor archery range** at Thornhill Junior Secondary during the winter months (November – April) and a premier **outdoor range** located at 3577 Rifle Range Road, adjacent to the Terrace Rod & Gun Club. Whether you are a fan of **compound, recurve, or traditional bows**, our facilities provide the perfect environment to hone your skills amidst the rugged beauty of the Skeena region.

We are deeply committed to fostering the next generation of archers through our highly active **Junior Olympian Program (JOP)** and offer introductory coaching sessions for beginners. Terrace Whiskey-Jack Archers is well-known for hosting an annual **3D archery competition**, attracting enthusiasts from across the province. With affordable memberships and a supportive community atmosphere, we are the top choice for **archery training in Terrace**. Join us today to enjoy professional facilities and expert guidance in one of the most scenic shooting locations in BC!","Indoor/Outdoor","Indoor season: Nov-Apr; Outdoor available year-round","N/A","Indoor Range; Outdoor Target & Field Ranges","N/A","Indoor/Outdoor","N/A","Yes","Yes","Yes","Check website for current fees","N/A","Yes (Available during JOP and specific sessions)","Yes","Junior Olympic Program (JOP); Introductory coaching available","Compound, Recurve, Traditional","N/A"
"West Kootenay Archers","3430 Casino Road (Casino Range)","Trail","British Columbia","Canada","V1R 4X3","49.0935732","-117.6725616","N/A","WestKootenayarchers@gmail.com","https://www.facebook.com/westkootenayarchers","Elevate your outdoor shooting experience with **West Kootenay Archers**, the premier destination for **archery in Trail, British Columbia**. Based at the stunning Casino Range and managed in partnership with the Trail Wildlife Association, our club offers an unparalleled environment for **target and 3D archery**. Our facility features three distinct outdoor 3D courses, each with 15 targets, set in a beautiful natural landscape that provides both a challenge and a serene escape for shooters of all skill levels.

Whether you favor the power of a **compound bow** or the heritage of **traditional archery**, West Kootenay Archers provides a supportive community for all enthusiasts. We specialize in hosting exciting event-based drop-in sessions and managed shoots that showcase the best of **outdoor shooting in the West Kootenays**. With access available from dawn until dusk and affordable membership options through the TWA, we are the top choice for **archery training in the Trail region**. Join us today to explore our scenic trails and sharpen your accuracy in the heart of nature!","Outdoor Range","Dawn to dusk; Check TWA range closure schedule","N/A","3 Outdoor 3D Courses (15 targets each)","N/A","Outdoor","N/A","Yes","N/A","Yes","Requires WKA or TWA Membership (approx. $20-$40 for events)","$10-$20 (Event-based drop-in)","No","Yes","Occasional archery days and instruction; summer camps for youth","Traditional, Compound","N/A"
"UBC Archers","6108 Thunderbird Boulevard (Osborne Building)","Vancouver","British Columbia","Canada","V6T 1Z3","49.2602844","-123.2437201","N/A","ubcarchers@gmail.com","https://ubcarchery.ca/","Discover the vibrant spirit of **archery in Vancouver** with **UBC Archers**, based at the University of British Columbia. Primarily located in the Osborne Building at 6108 Thunderbird Boulevard, our club is open to students, alumni, and the local community. We offer a professional **indoor archery range** experience during the winter terms, providing a focused environment for shooters of all skill levels. Whether you are a seasoned expert or a curious beginner, UBC Archers is the perfect place to hone your accuracy with **recurve, compound, or traditional bows**.

At UBC Archers, we believe in making the sport educational and accessible. Our structured sessions include expert-led **beginner archery lessons**, ensuring that new archers build a solid foundation in safety and technique. With affordable term-based memberships for students and competitive rates for alumni and community members, we are the leading choice for **archery training at UBC**. Join our diverse and welcoming community today to enjoy high-quality facilities and expert guidance in the heart of the Vancouver campus. Visit us and experience the precision of the bow!","Indoor Range","Mon 5-7 PM (during winter terms)","N/A","Indoor Range (Osborne Gym)","N/A","Indoor","N/A","N/A","N/A","Yes (term membership)","$65 (Alumni/Community members)","$15 (Non-members)","Yes (provided)","Yes","Beginner lessons included with membership info","Recurve, Compound, Traditional","N/A"
"Lykopis Archery","2180 Main St","Vancouver","British Columbia","Canada","V5T 3C5","49.2656968","-123.1005711","(604) 423-4226","lykopisinfo@gmail.com","https://lykopis.com/","Step into the world of ancient marksmanship at **Lykopis Archery**, Vancouver's premier school for **traditional and historical archery**. Located in the heart of the city at 2180 Main St, our boutique **indoor archery range** specializes in the art of the longbow, recurve, and various historical shooting styles. Unlike modern target ranges, Lykopis offers a unique cultural and athletic experience, focusing on instinctive shooting and the rich heritage of the bow.

Whether you are a beginner or a seasoned practitioner, we provide comprehensive **archery lessons in Vancouver**, including highly sought-after introductory workshops and ongoing adult and youth classes. Our expert instructors guide you through the techniques of **traditional archery**, emphasizing form, focus, and history. For those looking for a social shooting experience, our popular **Friday night Open Range** sessions offer a welcoming atmosphere for all skill levels. Visit **Lykopis Archery** today to discover a timeless discipline and join a community dedicated to the historical mastery of the bow in British Columbia.","Indoor Range & School","Shop: Mon/Tue/Thu/Fri 10:30-5:30; Open Range: Fri 6:30-8:30 PM","N/A","Indoor Traditional Range","N/A","Indoor","Yes","N/A","N/A","No","$249/mo (Adult ongoing classes); Intro class $140","$25 (Own equipment) / $35 (Rental) - Fridays 6:30 PM","Yes","Yes","Traditional/Historical archery lessons; Private $90-$160","Traditional, Historical, Longbow, Recurve","N/A"
"Vanderhoof Fish & Game Club","3501 Quail Road","Vanderhoof","British Columbia","Canada","V0J 3A0","54.0175289","-124.0076627","(250) 570-9280","N/A","N/A (Affiliated with NVSA)","Sharpen your skills at the **Vanderhoof Fish & Game Club**, a premier destination for **archery in Vanderhoof, British Columbia**. Located at 3501 Quail Road and affiliated with the Nechako Valley Sporting Association, our facility offers an exceptional **outdoor archery range** set in a beautiful natural environment. Whether you are a seasoned hunter or a recreational enthusiast, our range provides the perfect space to practice with **compound, recurve, and traditional bows** in the heart of Central BC.

As a cornerstone of the Vanderhoof sporting community, we are dedicated to providing a safe and professional environment for archers of all skill levels. Our facilities are designed for members' access, ensuring a focused and tranquil shooting experience. With affordable annual memberships available, we make it easy for residents and visitors to enjoy high-quality **outdoor archery in the Nechako Valley**. Visit the Vanderhoof Fish & Game Club today to join a growing community of archers and take your shooting to the next level in a premier BC location!","Outdoor Range","Check with club for members' access","N/A","Outdoor Range","N/A","Outdoor","N/A","N/A","N/A","Yes","Contact club for current membership rates","N/A","No","N/A","N/A","Compound, Recurve, Traditional","N/A"
"Victoria Bowmen","2401 Burnside Rd W","Victoria","British Columbia","Canada","V9B 6N1","48.463680","-123.445478","(250) 727-8351","membership@victoriabowmen.com","https://www.victoriabowmen.com/","Discover the historic and vibrant world of **archery in Victoria, British Columbia** with **Victoria Bowmen**, the city's oldest and most established archery club. Based at the Carnarvon Park Lacrosse Box during the outdoor season and the Saanich Commonwealth Place during the winter, our club offers a comprehensive year-round shooting experience. Whether you are a fan of high-performance **compound bows** or traditional **recurve and longbow** shooting, Victoria Bowmen provides a supportive environment for archers of all specialties.

We are deeply committed to community engagement and youth development, hosting a highly active **Junior Olympian Program (JOP)** and offering popular **beginner archery lessons** for all ages. Our expert-led sessions focus on safety, technique, and the joy of the sport, making it the perfect entry point for new archers on Vancouver Island. With affordable annual memberships and accessible drop-in sessions for members, we foster a diverse and welcoming community. Join **Victoria Bowmen** today to experience the precision of the bow in the heart of the capital city!","Outdoor Range","Members only access; Check website for schedule","N/A","Outdoor Target Range","N/A","Outdoor","N/A","N/A","N/A","Yes","$115 (Senior >25) / $45 (Junior) / $240 (Family) + BCAA/AC Fees","N/A (Membership based)","No","Yes","Occasional beginner programs; check website for availability","Compound, Recurve, Traditional","N/A"
"UVic Archery Club","McKinnon Gym, University of Victoria","Victoria","British Columbia","Canada","V8W 2Y2 ","48.4620600","-123.3114198","(250) 472-4000 (Vikes Rec)","archersofvic@gmail.com","https://vikesrec.ca/sports/2015/10/1/Archery%20Club.aspx","Discover the dynamic spirit of **archery in Victoria** with the **UVic Archery Club**, based at the University of Victoria. Primarily located in the McKinnon Gym, our club is open to UVic students and offers a welcoming environment for archers of all experience levels. We specialize in providing a professional **indoor archery range** experience during the academic terms, where certified coaches are available to help you sharpen your accuracy with **recurve, compound, and traditional bows**.

Whether you are a seasoned expert or a curious beginner, UVic Archery Club is the ideal place to learn and grow in the sport. Our structured practice sessions focus on safety and technique, ensuring that every member builds a solid foundation. With affordable semester-based memberships and high-quality equipment provided for club practices, we are the leading choice for **archery training at UVic**. Join our passionate and inclusive community today to enjoy the precision of the bow and connect with fellow students in the heart of the Victoria campus!","Indoor Range (Gym)","Wed 1:30-4:30 PM; Fri 3:30-6:30 PM","N/A","Indoor Gym Range","N/A","Indoor (Gym)","N/A","N/A","N/A","UVic students","$30 per semester","N/A (Membership required)","Yes (Provided for club practices)","Yes","Coaching provided during practice sessions","Recurve, Compound, Traditional","N/A"
"Cariboo Archers","920 Bond Lake Road (Clubhouse/Range)","Williams Lake","British Columbia","Canada","V2G 2V2","52.1292657","-122.1397259","(250) 392-9695 (Al) / (250) 398-5691 (Lee)","al.campsall@gmail.com / wlsajop@gmail.com","https://wlsa.ca/caribooarchers/","Experience the thrill of precision shooting with **Cariboo Archers**, a proud division of the **Williams Lake Sportsmen’s Association** in **Williams Lake, British Columbia**. Nestled at 920 Bond Lake Road, our club offers a comprehensive year-round archery experience for enthusiasts of all ages and skill levels. We feature versatile facilities, including both a professional **indoor archery range** and an expansive **outdoor range**, providing the perfect environment to hone your skills with **compound, recurve, and traditional bows**.

We are deeply committed to fostering a strong community through specialized programs, including our highly active **Junior Olympian Program (JOP)** and dedicated **ladies' archery lessons**. Our scheduled sessions on Wednesday evenings and Sunday afternoons are perfect for consistent practice and networking with fellow archers in the Cariboo region. With affordable annual memberships through the WLSA, we are the top choice for **archery training in Williams Lake**. Join us today to enjoy professional facilities and expert-led coaching in a supportive atmosphere. Visit **Cariboo Archers** and discover why we are the premier destination for shooting excellence in the heart of BC!","Indoor/Outdoor","Wed 7:00 PM; Sun 2:00 PM; JOP Thu evening","N/A","Indoor & Outdoor Ranges","N/A","Indoor/Outdoor","N/A","N/A","N/A","Yes (WLSA + BC Archery)","WLSA Membership (approx. $10-$11/mo) + Cariboo Archers fee","N/A (Members & guests only; no day passes)","Yes","Yes (JOP)","$30 JOP fee","Compound, Recurve, Traditional","N/A"