 ,post_title,post_author,post_category,F174,post_address,post_city,post_region,post_country,post_zip,post_latitude,post_longitude,phone,email,website,post_content,post_tags,business_hours,post_images,range_length_yards,number_of_lanes,facility_type,has_pro_shop,has_3d_course,has_field_course,membership_required,membership_price_adult,drop_in_price,equipment_rental_available,lessons_available,lesson_price_range,bow_types_allowed,accessibility,parking_available,data_status,,
,Gobble 'n Grunt Archery & Outfitting,1,1,1,248 Gillies Corner Rd,Smiths Falls,Ontario,Canada,,45.2261,-76.1933,613-285-7555,,,Archery shop and outfitting in Almonte,"archery, traditional archery, Ontario",,,,,,,,,,,,,,,,,,Partial - Needs Additional Details,,
,AMA Sportsmen Club,1,1,1,468 Lowes Side Road,Amherstburg,Ontario,Canada,N9V 2Y8,42.08884,-83.09319,519-736-5706,N/A,www.amasportsmen.com,"Sportsmen club with indoor archery, air rifle range, outdoor archery, and 3D course. Founded in 1930, facilities accommodate up to 250 people. Archery instruction available.","archery, traditional archery, 3D archery, indoor archery, outdoor archery, Ontario","Indoor Archery: Mondays 7pm-10:30pm (Oct-Apr), Youth 7-8pm, Adults 8-10:30pm. 3D Course: Monthly (Mar-Sept). Lunch: Mon-Wed 11am-2pm, Thu 12-4pm, Sat 12-2pm",N/A,N/A,N/A,Indoor/Outdoor,N/A,Yes,N/A,Yes,$50 join + $50/year,"$3 members, $5 non-members",Yes,Yes,Included,"Recurve, Compound, Crossbow",N/A,Yes,Complete,,
,Aylmer Golden Feather A.C.,1,1,1,58 Beach St.,Aylmer,Ontario,Canada,N5H 2M8,42.780128,-80.9868389,519-765-2294,N/A,N/A,Indoor archery club located at Columbus Club. Affiliated with Golden Feather Archery Club of Aylmer. Hosts tri-county indoor archery championships and other competitive events.,"archery, indoor archery, Aylmer, Columbus Club, Golden Feather",N/A,N/A,N/A,N/A,Indoor,N/A,N/A,N/A,N/A,N/A,N/A,N/A,N/A,N/A,N/A,N/A,N/A,Complete,,
,Bancroft Archery Club,1,1,1,27602 Hwy 62 South,Bancroft,Ontario,Canada,K0L 1C0,45.04351,-77.83245,613-332-0667,admin@bancroftfishandgame.com,www.bancroftfishandgame.com,"NOTE: No standalone 'Bancroft Archery Club' exists. Archery facilities available through Bancroft Fish and Game Protective Association. Features 3D outdoor archery range, archery practice areas, and youth indoor archery activities. Multi-use facility also offering shooting ranges for trap, skeet, rifle, and handgun.","archery, 3D archery, outdoor archery, Bancroft, fish and game",N/A,N/A,N/A,N/A,Outdoor,N/A,Yes,N/A,Yes,N/A,N/A,N/A,N/A,N/A,N/A,N/A,N/A,N/A,Complete - Part of Fish & Game Club,
,Wolf's Den Sports,1,1,1,7560 8th Line,Utopia,Ontario,Canada,L0M 1T0,44.2900623,-79.7941325,705-424-4867,online@wolfsdensports.com,www.thewolfsden.shop,"Professional archery shop and outdoor range located in Utopia (near Barrie). Features practice range with targets from 20-100 yards, 3D target walking trail with foam targets including bears, deer, moose, dinosaurs, and a 7-foot Sasquatch. Open to public as guest or member. Facilities include catch and release bass ponds, axe/knife throwing, horseshoe pits, BBQs and pavilion. Dawn to dusk access.","archery, 3D archery, outdoor archery, archery range, pro shop, Barrie, Utopia",Dawn to Dusk,N/A,100,N/A,Outdoor,Yes,Yes,N/A,No,N/A,$15 guest admission,Yes,N/A,"Recurve, Compound, Crossbow",N/A,Yes,N/A,Partial - Needs Additional Details,,
,Barrie Gun Club,1,1,1,3619 County Rd 40,Springwater,Ontario,Canada,L4M 4S4,44.3547787,-79.8042354,705-905-9696,office@barriegunclub.org,https://barriegunclub.org,"Premier multi-discipline sport shooting club serving Simcoe County, Barrie, Orillia, GTA and surrounding areas. Membership-based facility offering 10-position indoor range with 25-meter lanes and 24/7 access. Features outdoor archery range with full 3D target course winding through property. Additional facilities include 8 outdoor rifle/pistol/shotgun ranges from 5-150 meters, clay fields with American Skeet and Trap, and covered 5-stand course. Family-friendly, member-run club emphasizing safety. Junior programs available for air rifle, skeet, and archery. Clubhouse features washroom facilities, fireplace, classroom, meeting areas, ammunition and merchandise sales. Office hours: Sat 9am-1pm, Sun 10am-1pm, Mon-Tue 5pm-8pm. Closed on long weekends.","archery, indoor range, 3D course, outdoor range, shooting club, membership","Office: Sat 9am-1pm, Sun 10am-1pm, Mon-Tue 5pm-8pm. Indoor range: 24/7 for members. Closed on long weekends.",N/A,27,10,Both,Yes,Yes,No,Yes,N/A,N/A,N/A,Yes,N/A,"Recurve, Compound, Crossbow",Fully Accessible,Yes,Complete,,
,Oshawa Clay and Target Club,1,1,1,5245 Wilson Rd N,Oshawa,Ontario,Canada,L1H 0K5,44.038007,-78.900425,905-985-7763,N/A,https://oshawaclayandtargetclub.com,"Durham Region's premier multi-discipline shooting facility, located short drive from downtown Oshawa and within 60 minutes from Toronto. Member-only club with no walk-ins accepted. Features indoor archery range at 20 yards for members. Additional facilities include 3 trap fields, 5 skeet fields (4 American, 1 International Olympic), heated indoor 5-Stand facility, 18-station sporting clays course, rifle range (50-300 yards), and handgun range (25-50 yards). Club promotes safe, family-friendly environment. Office hours: Sun & Sat 9am-4pm. Main gate locks at 4pm. Membership at full capacity, no waiting list maintained.","archery, shooting club, trap, skeet, sporting clays, rifle range, membership","Office: Sat-Sun 9am-4pm. Range: 9am-3pm daily. No rounds after 3:15pm (trap/skeet), 2:30pm (sporting clays). Gate locks at 4pm.",N/A,20,N/A,Indoor,No,No,No,Yes,N/A,N/A,N/A,N/A,N/A,"Recurve, Compound, Crossbow",N/A,Yes,Complete,,
,Quinte Bay Archers,1,1,1,1090 Blessington Rd,Belleville,Ontario,Canada,K0K 1V0,44.2448821,-77.3248886,613-771-0674,N/A,N/A,"Archery club in Belleville area featuring both indoor and outdoor archery facilities. Offers 3D archery course for realistic hunting practice and target shooting. Located in Corbyville near Belleville, serving the Bay of Quinte region. Club provides archery opportunities for members and archers of all skill levels. Traditional archery club atmosphere focused on the sport of archery.","archery, 3D archery, indoor archery, outdoor archery, traditional archery, Ontario",N/A,N/A,N/A,N/A,Both,N/A,Yes,N/A,N/A,N/A,N/A,N/A,N/A,N/A,"Recurve, Compound, Crossbow",N/A,N/A,Complete,,
,Base Borden Rod and Gun Club,1,1,1,36-44 El Alamein Rd W,Borden,Ontario,Canada,L0M 1C0,44.2899417,-79.8939699,705-424-1200 x3331/1536,bbrgc@forces.gc.ca,https://www.bordenrodandgun.com/,"Military base rod and gun club located on CFB Borden with comprehensive archery facilities. Indoor range (10-30m, 2 galleries) available 24/7 for members. Outdoor range (10-50m) open daylight hours. 3D archery course features 35 targets, operational spring to fall (closed in winter). Membership required - multiple categories including single ($80), family ($130-170), and military rates. Archery Directors: Jay Merner and Rob Warner. Access requires base access or membership.","archery, shooting, military, indoor range, outdoor range, 3D course, membership required","Indoor: 24/7 for members, Outdoor: Daylight hours",N/A,"33 (indoor), 55 (outdoor)",N/A,Both,N/A,Yes,No,Yes,"$80 (single), $130-170 (family)",N/A,N/A,N/A,N/A,N/A,N/A,N/A,Complete,,
,Bothwell Archery Club,1,1,1,162 George St E,Bothwell,Ontario,Canada,N0P 1C0,42.6305712,-81.8679883,519-692-3746,marthajo@teksavvy.com,N/A,"Pop-N-Jay archery club located at Bothwell Legion. Indoor archery facility shooting every Friday night at 7 p.m. Registered with Archery Ontario (Club Code: ON15). Active competition team, the Bothwell Robin Hood archers, who won the men's division in the National Pop N Jay Archery tournament. All skill levels welcome. Contact Martha Van Der Paelt for more information.","archery, Pop-N-Jay, indoor archery, traditional archery, Ontario",Friday: 7 PM,N/A,N/A,N/A,Indoor,N/A,N/A,N/A,N/A,N/A,N/A,N/A,N/A,N/A,N/A,N/A,N/A,Complete,,
,Peel Archery Club,1,1,1,225 Fletchers Creek Blvd,Brampton,Ontario,Canada,L6X 0Y7,43.6919702,-79.8000816,N/A,N/A,www.peelarchery.ca,"Peel Archery Club houses Ontario's only 70m indoor target range, making it a premiere training ground for beginners and olympians alike. The facility offers 24/7 member access, tailored lessons for all levels from introductory to high performance, target and 3D league nights, and air gun range. Flexible personalized approach ensures each archer receives attention needed to excel. Member-focused club with fundamental development programs (FunDev) extending 6-8 weeks for continued growth.","archery, indoor archery, 70m range, Olympic training, target archery, lessons, leagues",24/7 member access,N/A,70,N/A,Indoor,N/A,N/A,N/A,Yes,N/A,N/A,N/A,Yes,N/A,"Recurve, Compound, Barebow",N/A,N/A,Complete,,
,Brant Rod & Gun Club,1,1,1,54 Henderson Rd,Brantford,Ontario,Canada,N3R 0B8,43.1204342,-80.4091783,519-752-2053,N/A,brgc.ca,"The Brant Rod & Gun Club features a multi-lane, varied distance archery range located in a forested area behind its fish hatchery. The range accommodates longbows, compound bows, and crossbows, making it accessible to a broad spectrum of archery enthusiasts. Members frequently use the range for recreational shooting and the club occasionally hosts events or lessons, such as opportunities to try revamped targets and different shooting styles. The facility is known for maintaining a natural environment that enhances the experience of outdoor archery practice. It welcomes new members and guests to come and enjoy the archery range as part of broader club activities.","archery, traditional archery, outdoor archery, Brantford",N/A,N/A,N/A,N/A,Outdoor,N/A,N/A,N/A,Yes,N/A,N/A,N/A,Yes,N/A,"Longbow, Compound Bow, Crossbow",N/A,Yes,Complete,,No dedicated club - See Brant Rod & Gun Club
,Brockville District Fish and Game Club,1,1,1,2450 County Road 46,Brockville,Ontario,Canada,K6V 5T3,44.5892241,-75.7455838,613-342-3570,N/A,bdfgc.com,"The Brockville District Fish and Game Club is a well-established shooting sports facility supporting multiple disciplines including archery. The club offers archery facilities for crossbow, compound bow, and recurve shooting. Located on a spacious property, BDFGC provides members with access to outdoor archery ranges and welcomes both experienced archers and newcomers to the sport. The club is part of Ontario's shooting sports community and offers a family-friendly environment for recreational shooting.","archery, outdoor archery, Brockville, shooting sports",N/A,N/A,N/A,N/A,Outdoor,N/A,N/A,N/A,Yes,N/A,N/A,N/A,N/A,N/A,"Crossbow, Compound Bow, Recurve",N/A,Yes,Complete,,
,Burlington Rifle and Revolver Club,1,1,1,1540 King Road,Burlington,Ontario,Canada,L7P 5A5,43.3326516,-79.8495285,905-333-5494,brrc.archery@gmail.com,rangeburlington.ca,"Range Burlington, home of the Burlington Rifle and Revolver Club, offers a comprehensive outdoor archery range open year-round, dawn to dusk. The facility features a 3-lane outdoor archery range with distances up to 40 meters and a high backstop. The club welcomes compound and recurve bows up to 70 lbs, as well as crossbows with special training. Range Burlington is registered as an affiliate club under Archery Ontario and offers archery-only memberships. Club bows are available, and NCCP trained coaches provide instruction for new archers. Supervised archery hours include Sunday mornings (weather permitting) with crossbow-specific times on the first Sunday of every month.","archery, outdoor archery, Burlington, shooting sports",Sunday 11am-1pm (weather permitting),N/A,40,3,Outdoor,No,No,No,Yes,$150,N/A,Yes,Yes,N/A,"Compound Bow, Recurve, Crossbow",N/A,Yes,Complete,,
,Halton Sportsmen's Association,1,1,1,5125 Steeles Ave W,Milton,Ontario,Canada,L9E 0R6,43.4900237,-79.9290457,905-854-2641,N/A,N/A,"Halton Sportsmen's archery, 3D archery, outdoor range","archery, 3D archery, outdoor",N/A,N/A,N/A,N/A,Outdoor,N/A,Yes,N/A,N/A,N/A,N/A,N/A,N/A,N/A,N/A,N/A,N/A,Partial - Needs Additional Details,,Complete
,Burlington Rifle and Revolver Club,1,1,1,1540 King Road,Burlington,Ontario,Canada,L7P 5A5,43.3326516,-79.8495285,905-333-5494,manager@rangeburlington.ca,https://www.rangeburlington.ca,Indoor 50-yard rifle and handgun range with 11 ports. Outdoor 40-yard archery range with 3 lanes. Open 24hrs except maintenance closures.,"archery, rifle, handgun, shooting sports","Open 24hrs except Mon & Fri 7am-11am, Wed 9am-11am. Office: Mon-Fri 10am-2pm",N/A,40,3,Indoor/Outdoor,N/A,No,No,Yes,$150,N/A,Yes,Yes,N/A,"Compound, Recurve up to 70 lbs, Crossbow",N/A,Yes,Complete,,
,The Archers of Caledon,1,1,1,15595 Shaws Creek Rd,Caledon,Ontario,Canada,L7C 1V8,43.8654,-79.8711,905-838-0761,info@archersofcaledon.org,https://archersofcaledon.org/,"Established 1956 archery club in Caledon Hills with indoor and outdoor facilities. Features: heated 30mx15m indoor range (10 lanes), International target range (30-70m), 28-target field course, 3D course, practice range. Offers group classes, private lessons, coaching programs. Facilities include full kitchen, washrooms, observation deck, patio. Affiliated with Archery Ontario and Archery Canada. Hosts Canadian, Ontario and International Championships.","archery, traditional archery, Ontario","Member access with key (outdoor) and fob (indoor). Wed/Thu evenings, Saturdays. Outdoor: April-Sept",,"77 (outdoor), 20 (indoor)","10 (indoor), multiple outdoor",Indoor/Outdoor,N/A,Yes,,Yes,"$403 single, $508 family, $164 student + HST",$50 initiation + $25-50 workshare credit,N/A,Yes,Included,"Recurve, Compound, Barebow, Asiatic",N/A,Yes,Complete,,Complete
,Archery Canada Centre of Excellence - Cambridge 2022,1,1,1,780 Fountain St S,Cambridge,Ontario,Canada,N3H 4R8,,,613-297-5731,,,,,,,,,,,,,,,,,,,,,,Missing - Needs All Details,,
,Cambridge Archery Club,1,1,1,Cambridge,Cambridge,Ontario,Canada,N/A,43.3616,-80.3144,N/A,N/A,N/A,"Archery club in Cambridge, Ontario","archery, traditional archery, Ontario",N/A,N/A,N/A,N/A,N/A,N/A,N/A,N/A,N/A,N/A,N/A,N/A,N/A,N/A,N/A,N/A,N/A,Complete,,
,Galt Sportsmen's Club,1,1,1,6542 Gore Road,Cambridge,Ontario,Canada,N/A,,,(519) 621-4104,enquiries.scg@gmail.com,https://galtsportsclub.ca,"Galt Sportsmens Club founded in 1954 on 250 acre site with archery, clay target shooting, fishing, and shooting ranges. Offers 3D archery shoots and beginner courses.","archery, 3D archery, shooting sports, fishing, outdoor recreation",N/A,N/A,N/A,N/A,N/A,Outdoor,N/A,Yes,Yes,Yes,N/A,N/A,N/A,Yes,"recurve, compound",,N/A,Complete,N/A,
,Stittsville Shooting Ranges,1,1,1,7265 Fernbank Rd,Stittsville,Ontario,Canada,K2S 1B6,45.1372,-76.1357,613-836-3871,lisa@stittsvilleshootingranges.com,https://stittsvilleshootingranges.com,"Premier shooting facility in Stittsville offering rifle, shotgun (skeet and trap), and archery ranges. Established in 1970. Open to the public on weekends, with membership options available for weekday access.","archery, outdoor archery, shooting range, rifle range, shotgun, skeet, trap, Stittsville, Ottawa","Wed-Fri 12pm-5pm (Members), Sat-Sun 9am-5pm",N/A,Outdoor,Yes,N/A,N/A,N/A,N/A,N/A,,N/A,N/A,Yes,,"recurve, compound",,,Complete,,
,Bridgeport Rod & Gun Club,1,1,1,1229 Beitz Rd,Breslau,Ontario,Canada,N0B 1M0,,,(519) 648-2633,contact@brgclub.com,https://brgclub.com,"Bridgeport Rod & Gun Club, founded in 1950, offers archery ranges with standard and 3D targets plus an elevated shooting platform. Also features trap, skeet, rifle, and handgun ranges. One of the best clubs in Waterloo Region.","archery, 3D archery, outdoor archery, shooting, rifle, handgun, trap, skeet, Waterloo, Breslau",N/A,N/A,Outdoor,Yes,Yes,N/A,N/A,N/A,N/A,N/A,N/A,Yes,N/A,N/A,"recurve, compound",N/A,N/A,Complete,,
,Dover Rod & Gun Club,1,1,1,5806 Heron Line,Grande Pointe,Ontario,Canada,N0P 1S0,,,(519) 351-6102,jpins@ciaccess.com,https://www.doverrodandgunclub.com,"Dover Rod & Gun Club, celebrating 75th anniversary, features indoor and outdoor archery including 3D shoots, trap shooting, youth programs, and wild game dinners. Archery teachings available Tuesdays 6:30-7:30 PM (September to May).","archery, 3D archery, indoor archery, outdoor archery, trap shooting, youth programs, Dover, Grande Pointe, Chatham",N/A,N/A,Indoor/Outdoor,Yes,Yes,N/A,N/A,N/A,N/A,N/A,N/A,Yes,N/A,N/A,"Recurve, Compound, Traditional",N/A,N/A,Complete,,
,Onaping Falls Archery Club,1,1,1,"Ecole Alliance St-Joseph (winter), Onaping Falls Cross-Country Ski Club (summer)",Chelmsford,Ontario,Canada,N/A,,,(705) 855-3238,onapingfallsarcheryclub@hotmail.com,N/A,"Onaping Falls Archery Club offers indoor and outdoor archery including 3D courses. Winter location at Ecole Alliance St-Joseph in Chelmsford, summer location at Onaping Falls Cross-Country Ski Club in Dowling.","archery, 3D archery, indoor archery, outdoor archery, Onaping Falls, Sudbury, Ontario",N/A,N/A,Indoor/Outdoor,Yes,Yes,N/A,N/A,N/A,N/A,N/A,N/A,Yes,N/A,N/A,N/A,N/A,N/A,Complete,,
,Ten Point Archery,1,1,1,"3450 Hwy 144, Chelmsford",Chelmsford,Ontario,Canada,P0M 1L0,,,(705) 222-0010,N/A,tenpointarchery.ca,"Indoor archery facility with 20-yard air-conditioned range, archery equipment sales, bow hunting supplies, repairs and tuning, crossbow equipment","archery, traditional archery, Ontario",Indoor/Outdoor: Indoor,"Amenities: Pro shop, equipment rental, repairs, tuning",Membership: Not required,Public_Access: Yes,"Programs: Equipment sales, repairs, lessons","Operating_Hours: Tue-Fri 9am-7pm, Sat 9am-5pm, Sun 11am-5pm, Closed Monday",Range_Type: Indoor archery,Target_Types: Standard targets,Max_Distance: 20 yards,"Bow_Types: All bow types, crossbows",Accessibility: Accessible,Parking: Yes,Lesson: Available,Lesson_Price: N/A,Contact_Name: N/A,n/a,n/a,Complete,,
,Chesley Community Archery Club,1,1,1,129 4th Ave SE,Chesley,Ontario,Canada,N/A,,,289-700-9906,andy.brandsma@gmail.com / ccarcheryc@gmail.com,chesleycommunityarcheryclub.ca,Community archery club offering recreational archery programs. Sessions held Tuesdays 6:30-8:30pm at Chesley Community Centre.,"archery, traditional archery, Ontario",Indoor/Outdoor: Indoor,Amenities: Community hall facility,Membership: Required,Public_Access: Members and guests,"Programs: Weekly shooting sessions, community programs",Operating_Hours: Tuesdays 6:30-8:30pm,Range_Type: Indoor archery,Target_Types: Standard targets,Max_Distance: N/A,Bow_Types: All bow types,Accessibility: Accessible (Community Centre),Parking: Yes,Lesson: Available,Lesson_Price: N/A,Contact_Name: Andy Brandsma,n/a,n/a,Complete,,
,EastHill Archery Club,1,1,1,4131 Hwy 35/115,Orono,Ontario,Canada,N/A,,,(289) 423-4985,andrew_fagan_2@hotmail.com,easthilloutdoors.com,"Indoor archery facility with memberships, walk-ins, lessons, and pro shop services. Open year-round with accessible facilities.","archery, traditional archery, Ontario",Indoor/Outdoor: Indoor,"Amenities: Pro shop, equipment rental, lessons, certified instructors",Membership: Available,Public_Access: Yes (walk-ins and members),"Programs: Private lessons, semi-private lessons, group bookings, equipment sales","Operating_Hours: Mon-Fri 10am-7pm, Sat 9am-3pm",Range_Type: Indoor archery,Target_Types: Standard targets,Max_Distance: N/A,Bow_Types: All bow types,Accessibility: Accessible,Parking: Yes,Lesson: Available,"Lesson_Price: Private $50/hr, Semi-private $75/hr for 2 people",Contact_Name: Don (instructor),n/a,n/a,Complete,,
,Collingwood Archery Club,1,1,1,Collingwood,Collingwood,Ontario,Canada,L9Y 5E2,44.5001,,705-445-1976,,Collingwood Rod & Gun Club,Archery club in Collingwood,"archery, traditional archery, Ontario",,,,,,,,,,,,,,,,,,Partial - Needs Additional Details,,Complete
,Jim-Bows Archery,1,1,1,"1398 Hwy 94, Corbeil",Corbeil,Ontario,Canada,P0H 1K0,46.1833,,(705) 752-5853,archeryplace@bell.net,"Archery shop with indoor target range and outdoor 3D course. Family-run business (Andy, Renee, Charm & Tikka) celebrating 13 years. Offers compound, recurve, and crossbows for all skill levels - beginner to advanced. Pro shop with gear for target, 3D, field archery, and hunting. Expert advice, repairs, tune-ups, string replacement, and special orders available.","archery, 3D archery, indoor archery, outdoor archery, pro shop, Ontario",Sat 9:00 AM - 4:00 PM,N/A,N/A,N/A,Indoor/Outdoor,Yes,Yes,N/A,N/A,N/A,$10 includes equipment,Yes,Yes,Included,"Compound, Recurve, Crossbow",N/A,Yes,,Partial - Needs Additional Details,,
,Wilderness Bowhunters and Archers Association,1,1,1,Corbeil,Corbeil,Ontario,Canada,,46.1833,,(705) 752-3170,ray.sabourin@ontera.net,"Bowhunting and archery association in Corbeil area. Indoor and outdoor archery facilities with target and 3D archery. Member of Archery Ontario. Located at 59 Guillemette Rd., Corbeil.","archery, 3D archery, indoor archery, outdoor archery, bowhunting, traditional archery, Ontario",N/A,N/A,N/A,N/A,Indoor/Outdoor,N/A,Yes,N/A,N/A,N/A,N/A,Yes,N/A,N/A,"Recurve, Compound, Traditional",N/A,N/A,,Partial - Needs Additional Details,,
,South Nation Archery Club,1,1,1,Eastern Ontario,Cornwall,Ontario,Canada,K0C 2K0,45.0212,,(613) 989-2943,info@southnationarchery.com,https://www.southnationarchery.com,"archery, target archery, IFAA, competitive archery, pro shop, lessons, tournaments, Ontario","Wed-Fri 1pm-9pm, Sat 9am-4pm (Summer: June-Oct). Advanced classes Wed/Thu nights Nov-June. Beginner classes Fri 8pm Jan-June",N/A,N/A,N/A,Indoor,Yes,N/A,N/A,N/A,N/A,$100+HST per session (6 classes),Yes,Yes,$100+HST per session,"Recurve, Compound, Barebow",N/A,Yes,,Partial - Needs Additional Details,,
,Delhi Archery Club,1,1,1,71 King Street,Delhi,Ontario,Canada,N4B 1X7,,,519-900-3861,N/A,"Pop 'n' Jay archery club meeting at Hungarian Hall, 71 King Street, Delhi. Shoots every Saturday night 8pm-10:30pm from October to May. Belgian-style archery where participants win money for each 'bird' hit. Prizes given on special shoots (Christmas, Easter). Trophies awarded at annual banquet. Everyone welcome - instruction provided. Contact: Dan Spain / Marlene McCulligh.","archery, Pop 'n' Jay, Belgian archery, indoor archery, Ontario",Saturday 8pm-10:30pm (October to May),N/A,N/A,N/A,Indoor,N/A,N/A,N/A,N/A,N/A,N/A,Yes,Yes,N/A,N/A,N/A,Yes,,Missing - Needs All Details,,
,Delhi Belgian Archery Club,1,1,1,71 King Street,Delhi,Ontario,Canada,N4B 1X7,,,519-582-2460,delhibelgianarcheryclub@gmail.com,"Pop 'n' Jay archery club (Belgian-style archery) meeting at Delhi District Hungarian Hall, 71 King Street, Delhi. Shoots every Wednesday 7pm-9:30pm from October to May. Participants win money for each 'bird' hit. Prizes given on special shoots (Christmas, Easter). Trophies awarded at annual banquet. Everyone welcome - instruction provided. One of three archery clubs shooting Pop 'n' Jay style at Hungarian Hall. Contact: Mary Ann Pieters / Lisa.","archery, Pop 'n' Jay, Belgian archery, indoor archery, Ontario",Wednesday 7pm-9:30pm (October to May),N/A,N/A,N/A,Indoor,N/A,N/A,N/A,N/A,N/A,N/A,Yes,Yes,N/A,N/A,N/A,Yes,,Missing - Needs All Details,,
,Dryden Archery Club,1,1,1,Dryden,Dryden,Ontario,Canada,P8N 0A1,49.7833,N/A,N/A,https://drydendistrictconservationclub.ca,"Archery program operated by Dryden District Conservation Club Inc. (DDCC). Outdoor archery at club property: Mondays 5:30pm (spring to fall after snow melts). Indoor archery: Tuesdays 6:30-8pm at Dryden High School. Certified archery range. 100% affiliated with Ontario Federation of Anglers and Hunters (OFAH). $5 million liability insurance. Youth archery programs funded by OFAH ($10,000) and Dryden Rotary Foundation ($10,000). Equipment includes compound bows, traditional recurves, indigenous longbows, arrows, targets. Becoming best-in-class community archery facility.","archery, youth archery, traditional archery, OFAH, conservation club, Ontario",Outdoor: Mondays 5:30pm (spring-fall). Indoor: Tuesdays 6:30-8pm at Dryden High School,N/A,N/A,N/A,Indoor/Outdoor,N/A,N/A,N/A,Yes,N/A,N/A,Yes,Yes,N/A,"Compound, Recurve, Traditional, Longbow",N/A,Yes,,Partial - Needs Additional Details,,
,ClubTir 'a l Arc de Dubreuilville,1,1,1,,Dubreuilville,Ontario,Canada,P0S 1B0,,,705-254-9506,N/A,Community archery club in Dubreuilville offering indoor archery programs. Contact Josee Bouchard for membership and practice information.,"archery, indoor archery, community club, Dubreuilville archery",N/A,N/A,N/A,N/A,Indoor,N/A,No,No,Yes,N/A,N/A,N/A,N/A,N/A,All types,N/A,N/A,,Missing - Needs All Details,,
,A.I.M - Archers In Muskoka,1,1,1,,Dwight,Ontario,Canada,P0A 1H0,,,705-224-9246 / 705-571-2592,N/A,Muskoka-based archery club located in Dwight offering a challenging 3D course and hosting many events throughout the season. Outdoor range with memberships for all ages.,"archery, 3D archery, outdoor archery, Muskoka archery, Dwight archery",N/A,N/A,N/A,N/A,Outdoor,N/A,Yes,No,Yes,N/A,N/A,N/A,N/A,N/A,All types,N/A,Yes,,Missing - Needs All Details,,
,Elliot Lake Archery Club,1,1,1,Elliot Lake,Elliot Lake,Ontario,Canada,P5A 1A1,46.3833,-82.65,705-734-5077,N/A,N/A,Elliot Lake archery club operating as part of the Elliot Lake and Area Rod and Gun Club. Offers archery along with other outdoor sports activities.,"archery, Elliot Lake archery, outdoor sports, rod and gun club",N/A,N/A,N/A,N/A,Outdoor,N/A,No,No,Yes,$50 per year,N/A,N/A,N/A,N/A,All types,N/A,Yes,Partial - Needs Additional Details,,
,Elmira District Rod & Gun,1,1,1,,Elmira,Ontario,Canada,N3B 2Z6,,,519-588-4353,archertoms@bell.net,elmirarodandgun.org,Elmira District Rod & Gun Club offering archery along with other shooting sports. Waterloo region's premiere shooting sports venue with archery facilities.,"archery, Elmira archery, rod and gun club, shooting sports",N/A,N/A,N/A,N/A,Outdoor,N/A,No,No,Yes,N/A,N/A,N/A,N/A,N/A,All types,N/A,Yes,Missing - Needs All Details,,
,Southern Canadian Archery Club,1,1,1,,Essex,Ontario,Canada,N0R 1G0,,,N/A,N/A,N/A,Southern Canadian Archery Club hosts the annual Southern Canadian Classic 3D archery tournament in Essex County (Harrow area). Event-based archery organization.,"archery, 3D archery, Essex County archery, tournament archery",N/A,N/A,N/A,N/A,Outdoor,N/A,No,Yes,No,N/A,N/A,N/A,N/A,N/A,All types,N/A,N/A,Missing - Needs All Details,,
,Canadian Sportsmens Club,1,1,1,1436 Bertie Street West,Fort Erie,Ontario,Canada,L2A 5S3,,,905-871-6658,nathan.lightheart@hotmail.com,canadian sportsmansclubforterie.weebly.com,The Canadian Sportsman's Club in Fort Erie offers archery along with other shooting sports. Community-focused club with outdoor facilities.,"archery, Fort Erie archery, shooting sports, sportsmans club",N/A,N/A,N/A,N/A,Outdoor,N/A,No,No,Yes,N/A,N/A,N/A,N/A,N/A,All types,N/A,Yes,Partial - Needs Additional Details,,
,Georgina Archery Club,1,1,1,Georgina,Georgina,Ontario,Canada,L4P 3G1,44.2987,-79.4362,905-476-4301,eleisure@georgina.ca,N/A,Georgina Archery programs offered through the Town of Georgina Recreation Services at the ROC (Recreational Outdoor Campus). Community-based archery programs.,"archery, Georgina archery, community programs, recreation archery",N/A,N/A,N/A,N/A,Outdoor,N/A,No,No,No,N/A,N/A,N/A,Yes,N/A,All types,N/A,Yes,Partial - Needs Additional Details,,
,Rifles and Reels Game & Fish Club,1,1,1,950 Goodwill Dr,Garson,ontario,canada,N/A,46.5285,-80.8176,N/A,N/A,https://www.riflesandreels.ca,,"Rifles and Reels is a self-sufficient, volunteer-run gun club operating since 1968 in Garson, ON. Members-only club with indoor and outdoor archery ranges, plus rifle, pistol, and shotgun ranges across 145 acres.",n/a,N/A,N/A,N/A,N/A,N/A,Yes,N/A,N/A,N/A,N/A,N/A,N/A,N/A,"Recurve, Compound",,yes,Complete,,
,Trailsmen Rod & Gun Club,1,1,1,5948 Desmarais Rd,Val Therese,ontario,canada,P3P 1S5,46.6631,-81.0081,(705) 897-6556,trailsmen@outlook.com,https://www.trailsmen.org,,"Trailsmen Rod & Gun Club is a registered not-for-profit organization (OCN 417502) operated by volunteers since 1979. Affiliated with the Ontario Federation of Anglers and Hunters. Features 3D archery range, rifle ranges, and fish hatchery program.",n/a,N/A,N/A,N/A,N/A,N/A,Yes,N/A,N/A,N/A,N/A,N/A,N/A,N/A,"Recurve, Compound",,yes,Complete,,
,Golden Horseshoe Mounted Archery,1,1,1,,Grimsby,ontario,canada,N/A,43.1976,-79.5678,N/A,mountedarcherycanada@gmail.com,https://www.facebook.com/GHMountedArchery,,"Golden Horseshoe Mounted Archery is a CFMA member club based in Southern Ontario, Canada. They pursue all styles of mounted archery while emphasising safety, horsemanship, and FUN!",n/a,N/A,N/A,N/A,N/A,N/A,Yes,N/A,N/A,N/A,N/A,N/A,N/A,N/A,"Recurve, Traditional",,yes,Complete,,
,Sigma Archery,1,1,1,896 Concession 6 Rd,Virgil,ontario,canada,L0S 1J0,43.1898,-79.1352,905-324-6816,ksmith@sigma-archery.ca,https://www.sigma-archery.ca,,"Sigma Archery is an Archery Club and Outdoor Target Range located in the Niagara Region. They offer outdoor target ranges, lessons, and are a community of authentic individuals supporting each other in their archery journey.",n/a,N/A,N/A,N/A,N/A,N/A,Yes,N/A,N/A,N/A,$15,N/A,N/A,N/A,"Recurve, Compound",,yes,Complete,,
,Sudbury Archery Club,1,1,1,Sudbury,Greater Sudbury,Ontario,Canada,,46.4917,-80.993,,,,Archery club in Sudbury,"archery, traditional archery, Ontario",,,,,,,,,,,,,,,,,,Partial - Needs Additional Details,,
,Valley East Archery Club,1,1,1,Valley East,Greater Sudbury,Ontario,Canada,,46.6089,-80.9736,,,,Archery club in Valley East area,"archery, traditional archery, Ontario",,,,,,,,,,,,,,,,,,Partial - Needs Additional Details,,
,Grimsby Archery Club,1,1,1,Grimsby,Grimsby,Ontario,Canada,,43.1959,-79.5624,,,,Archery club in Grimsby,"archery, traditional archery, Ontario",,,,,,,,,,,,,,,,,,Partial - Needs Additional Details,,
,Guelph Archery Club,1,1,1,Guelph,Guelph,Ontario,Canada,,43.5448,-80.2482,,,,Archery club in Guelph,"archery, traditional archery, Ontario",,,,,,,,,,,,,,,,,,Partial - Needs Additional Details,,
,Royal City Bowmen,1,1,1,Guelph,Guelph,Ontario,Canada,,,,905-617-3217 / 519-803-6604,,,,,,,,,,,,,,,,,,,,,,Missing - Needs All Details,,
,Haliburton Archery Club,1,1,1,Haliburton,Haliburton,Ontario,Canada,,45.0456,-78.5152,,,,Archery club in Haliburton,"archery, traditional archery, Ontario",,,,,,,,,,,,,,,,,,Partial - Needs Additional Details,,
,Ancaster Archery Club,1,1,1,Ancaster,Hamilton,Ontario,Canada,,43.2183,-79.9869,,,,Archery club in Ancaster,"archery, traditional archery, Ontario",,,,,,,,,,,,,,,,,,Partial - Needs Additional Details,,
,Dundas Valley Archers,1,1,1,Dundas,Hamilton,Ontario,Canada,,43.2685,-79.9519,,,,Archery club in Dundas Valley,"archery, traditional archery, Ontario",,,,,,,,,,,,,,,,,,Partial - Needs Additional Details,,
,Hamilton Angling & Hunting Association,1,1,1,Ancaster,Hamilton,Ontario,Canada,,43.2183,-79.9869,,,,Hunting and fishing association with archery facilities in Ancaster,"archery, traditional archery, Ontario",,,,,,,,,,,,,,,,,,Partial - Needs Additional Details,,
,Hamilton Archery Centre,1,1,1,"148 Parkdale Ave N, Lower Level",Hamilton,Ontario,Canada,L8H 5X2,43.2557,-79.8711,,,https://www.hamiltonarcherycentre.com/,"Family-run archery centre with indoor range. NCCP-trained coaches. Offers group lessons ($55), private lessons, youth programs, adult leagues. No membership required. Equipment rental available $8. Open shooting $18/hour.","archery, traditional archery, Ontario",,,,,,,,,,,,,,,,,,Partial - Needs Additional Details,,
,Hamilton Archery Club,1,1,1,Hamilton,Hamilton,Ontario,Canada,,43.2557,-79.8711,,,,Archery club in Hamilton,"archery, traditional archery, Ontario",,,,,,,,,,,,,,,,,,Partial - Needs Additional Details,,
,Waterdown Rod and Gun Club,1,1,1,Waterdown,Hamilton,Ontario,Canada,,43.3278,-79.8986,,,,Rod and gun club with archery range in Waterdown,"archery, traditional archery, Ontario",,,,,,,,,,,,,,,,,,Partial - Needs Additional Details,,
,Tavistock & District Rod & Gun,1,1,1,336994 33rd Line,Embro,Ontario,Canada,N0J 1J0,43.27,-80.8807,519-393-5451,tdrgc.info@gmail.com,http://www.tdrgc.com,"Non-profit shooting club with supervised archery, pellet gun, outdoor rifle/pistol ranges. Monthly BBQ, family-friendly.",,,,,,Outdoor,,,,Yes,,,No,No,,,,,Missing - Needs All Details,,
,Nottingham North,1,1,1,,Hilton Beach,Ontario,Canada,,,,705-246-1475,,,,,,,,,,,,,,,,,,,,,,Missing - Needs All Details,,
,Archery Ontario,1,1,1,,Huntsville,Ontario,Canada,,,,,,archeryontario.ca,,,,,,,,,,,,,,,,,,,,Missing - Needs All Details,,
,Waterford Family Archery Club,1,1,1,66 Main St. S,Hagersville,Ontario,Canada,N0A 1H0,,,,,,Popinjay/sport archery. Family focus. Meets in Hagersville.,,,,,,Indoor,,,,Yes,,,,,,,,,Missing - Needs All Details,,
,Kapuskasing Archery Club,1,1,1,Kapuskasing,Kapuskasing,Ontario,Canada,,49.4144,-82.4333,,,,Archery club in Kapuskasing,"archery, traditional archery, Ontario",,,,,,,,,,,,,,,,,,Partial - Needs Additional Details,,
,Archery Exclusive Jackson Archery Mfg,1,1,1,Lindsay,Kawartha Lakes,Ontario,Canada,,44.3561,-78.7408,,,,Archery club in Lindsay,"archery, traditional archery, Ontario",,,,,,,,,,,,,,,,,,Partial - Needs Additional Details,,
,Kenora Archery Club,1,1,1,Kenora,Kenora,Ontario,Canada,,49.7669,-94.4894,,,,Archery club in Kenora,"archery, traditional archery, Ontario",,,,,,,,,,,,,,,,,,Partial - Needs Additional Details,,
,Kingston Archery Club,1,1,1,Kingston,Kingston,Ontario,Canada,,44.2312,-76.486,,,,Archery club in Kingston,"archery, traditional archery, Ontario",,,,,,,,,,,,,,,,,,Partial - Needs Additional Details,,
,Kirkland Lake Archery Club,1,1,1,Kirkland Lake,Kirkland Lake,Ontario,Canada,,48.1472,-80.0372,,,,Archery club in Kirkland Lake,"archery, traditional archery, Ontario",,,,,,,,,,,,,,,,,,Partial - Needs Additional Details,,
,Kitchener-Waterloo Archery Club,1,1,1,Kitchener,Kitchener,Ontario,Canada,,43.4516,-80.4925,,,,Archery club serving Kitchener-Waterloo,"archery, traditional archery, Ontario",,,,,,,,,,,,,,,,,,Partial - Needs Additional Details,,
,Pioneer Sportsmen Club,1,1,1,,Kitchener/Cambridge,Ontario,Canada,,,,519-653-3781,,,,,,,,,,,,,,,,,,,,,,Missing - Needs All Details,,
,Lasalle/Windsor Sportsman Club,1,1,1,Windsor/LaSalle,LaSalle,Ontario,Canada,,42.2289,-83.065,,,,Sportsman club serving Windsor and LaSalle with archery facilities,"archery, traditional archery, Ontario",,,,,,,,,,,,,,,,,,Partial - Needs Additional Details,,
,Archers in Muskoka (AIM),1,1,1,Dwight,Lake of Bays,Ontario,Canada,,45.25,-79.0833,,,,"Traditional archery club in Muskoka, Dwight area","archery, traditional archery, Ontario",,,,,,,,,,,,,,,,,,Partial - Needs Additional Details,,
,Leamington Archery Club,1,1,1,Leamington,Leamington,Ontario,Canada,,42.0534,-82.5998,,,,Archery club in Leamington,"archery, traditional archery, Ontario",,,,,,,,,,,,,,,,,,Partial - Needs Additional Details,,
,Lincoln Archery Club,1,1,1,Lincoln,Lincoln,Ontario,Canada,,43.1381,-79.4161,,,,Archery club in Lincoln area,"archery, traditional archery, Ontario",,,,,,,,,,,,,,,,,,Partial - Needs Additional Details,,
,Mackies Mountain Archery,1,1,1,Beamsville,Lincoln,Ontario,Canada,,43.1667,-79.4667,,,,Archery facility in Beamsville area,"archery, traditional archery, Ontario",,,,,,,,,,,,,,,,,,Partial - Needs Additional Details,,
,Forest City Bowmen,1,1,1,London,London,Ontario,Canada,,42.9849,-81.2453,,,,Traditional archery club in London,"archery, traditional archery, Ontario",,,,,,,,,,,,,,,,,,Partial - Needs Additional Details,,
,London Archery Club,1,1,1,London,London,Ontario,Canada,,42.9849,-81.2453,,,,Archery club in London,"archery, traditional archery, Ontario",,,,,,,,,,,,,,,,,,Partial - Needs Additional Details,,
,Flying Feathers Archery Club Inc.,1,1,1,,Madawaska,Ontario,Canada,,,,613-637-2139,,,,,,,,,,,,,,,,,,,,,,Missing - Needs All Details,,
,Marathon Archery Club,1,1,1,Marathon,Marathon,Ontario,Canada,,48.7481,-86.3731,,,,Archery club in Marathon,"archery, traditional archery, Ontario",,,,,,,,,,,,,,,,,,Partial - Needs Additional Details,,
,Markham Archery Club,1,1,1,Markham,Markham,Ontario,Canada,,43.8561,-79.337,,,,Archery club in Markham,"archery, traditional archery, Ontario",,,,,,,,,,,,,,,,,,Partial - Needs Additional Details,,
,Solely Archery Club,1,1,1,Centre of Markham City,Markham,Ontario,Canada,,43.8561,-79.337,,,https://solelyana.com/,"Year-round indoor archery range with 20-yard distance, up to 8 lanes. Recently upgraded facility. Welcomes all skill levels, offers beginner lessons. After-hour sessions available. Minimum age 12 years.","archery, traditional archery, Ontario","Mon-Wed/Sat: 6-8pm, Thu-Fri: 7-8pm, Sun: 5-8pm",,,,,,,,,,,,,,,,,Partial - Needs Additional Details,,
,The Marksmen Den,1,1,1,Markham,Markham,Ontario,Canada,,43.8561,-79.337,,,,Archery facility in Markham,"archery, traditional archery, Ontario",,,,,,,,,,,,,,,,,,Partial - Needs Additional Details,,
,Mattawa Archery Club,1,1,1,Mattawa,Mattawa,Ontario,Canada,,46.3189,-78.7028,,,,Archery club in Mattawa,"archery, traditional archery, Ontario",,,,,,,,,,,,,,,,,,Partial - Needs Additional Details,,
,Meaford Archery Club,1,1,1,Meaford,Meaford,Ontario,Canada,,44.6042,-80.5981,,,,Archery club in Meaford,"archery, traditional archery, Ontario",,,,,,,,,,,,,,,,,,Partial - Needs Additional Details,,
,Midland Archery Club,1,1,1,Midland,Midland,Ontario,Canada,,44.7501,-79.8831,,,,Archery club in Midland,"archery, traditional archery, Ontario",,,,,,,,,,,,,,,,,,Partial - Needs Additional Details,,
,Evolve Archery Canada,1,1,1,,Milton,Ontario,Canada,,,,416-802-7052,,,,,,,,,,,,,,,,,,,,,,Missing - Needs All Details,,
,Central Manitoulin Archers,1,1,1,,Mindemoya/Kagawong,Ontario,Canada,,,,,,,,,,,,,,,,,,,,,,,,,,Missing - Needs All Details,,
,Minden Archery Club,1,1,1,Minden,Minden Hills,Ontario,Canada,,44.9275,-78.7206,,,,Archery club in Minden,"archery, traditional archery, Ontario",,,,,,,,,,,,,,,,,,Partial - Needs Additional Details,,
,Mississauga Archery Club,1,1,1,Mississauga,Mississauga,Ontario,Canada,,43.589,-79.6441,,,,Archery club in Mississauga,"archery, traditional archery, Ontario",,,,,,,,,,,,,,,,,,Partial - Needs Additional Details,,
,Ontario Centre for Classical Sport,1,1,1,Mississauga,Mississauga,Ontario,Canada,,43.589,-79.6441,,,,Classical sports centre including archery programs,"archery, traditional archery, Ontario",,,,,,,,,,,,,,,,,,Partial - Needs Additional Details,,
,Peel Archery Club,1,1,1,Mississauga,Mississauga,Ontario,Canada,,43.589,-79.6441,,,,Private members-only sports club featuring Ontario's only 70m indoor archery range. Open 24/7 for members. Accommodates 3D targets. Offers lessons and coaching in recurve and compound bows. Membership requires own equipment.,"archery, traditional archery, Ontario",24/7 for members,,,,,,,,,,,,,,,,,Partial - Needs Additional Details,,
,Muskoka Lakes Archers,1,1,1,Port Carling,Muskoka Lakes,Ontario,Canada,,45.1403,-79.55,,,,Archery club in Muskoka Lakes area,"archery, traditional archery, Ontario",,,,,,,,,,,,,,,,,,Partial - Needs Additional Details,,
,Napanee Archery Club,1,1,1,Napanee,Napanee,Ontario,Canada,,44.25,-76.9497,,,,Archery club in Napanee,"archery, traditional archery, Ontario",,,,,,,,,,,,,,,,,,Partial - Needs Additional Details,,
,Addicted Archery,1,1,1,,Napanee/Odessa,Ontario,Canada,,,,613-331-3457,,,,,,,,,,,,,,,,,,,,,,Missing - Needs All Details,,
,Newmarket Archery Club,1,1,1,Newmarket,Newmarket,Ontario,Canada,,44.0592,-79.4613,,,,Archery club in Newmarket,"archery, traditional archery, Ontario",,,,,,,,,,,,,,,,,,Partial - Needs Additional Details,,
,York County Bowmen,1,1,1,Newmarket,Newmarket,Ontario,Canada,,44.0592,-79.4613,,,,Established archery club hosting provincial championships including AO 5 Ring Championships,"archery, traditional archery, Ontario",,,,,,,,,,,,,,,,,,Partial - Needs Additional Details,,
,Niagara Falls Archery Club,1,1,1,Sherk Road & Willoughby Drive NE Corner,Niagara Falls,Ontario,Canada,L2G 6X5,42.9975,-79.0444,905-325-0522,niagara.bowmen@gmail.com,,Outdoor archery range formerly known as Niagara Bowmen. Archers of all ages and skill levels welcome. NCCP-trained coaches available. Outdoor season runs spring (April/May) to late fall (Oct/Nov). Tuesday evening shoots open to non-members. Equipment rental and introductory lessons available for new archers.,"archery, traditional archery, Ontario","Outdoor Season: May-October, Tuesday evenings 5:30pm-7:30pm for registration/orientation",,,,Outdoor,,,,Yes,150,10,Yes (youth program),Yes,$5 introductory lesson,,,,Partial - Needs Additional Details,,
,Barefoot Bushcraft,1,1,1,1874 Highway 20 East,Fonthill,Ontario,Canada,,,,,,barefootbushcraft.com,,,,,,,,,,,,,,,,,,,,Missing - Needs All Details,,
,Niagara-on-the-Lake Archery Club,1,1,1,Niagara-on-the-Lake,Niagara-on-the-Lake,Ontario,Canada,,43.2553,-79.0717,,,,Archery club in Niagara-on-the-Lake,"archery, traditional archery, Ontario",,,,,,,,,,,,,,,,,,Partial - Needs Additional Details,,
,North Bay Archery Club,1,1,1,North Bay,North Bay,Ontario,Canada,,46.3091,-79.4608,,,,Archery club in North Bay,"archery, traditional archery, Ontario",,,,,,,,,,,,,,,,,,Partial - Needs Additional Details,,
,North Bay Bowhunters & Archers,1,1,1,North Bay,North Bay,Ontario,Canada,,46.3091,-79.4608,,,,Established bowhunting and target archery club in North Bay,"archery, traditional archery, Ontario",,,,,,,,,,,,,,,,,,Partial - Needs Additional Details,,
,Archers Arena,1,1,1,1140 Sheppard Ave W Suite 4,North York,Ontario,Canada,M3K 2A2,43.7488,-79.4692,(647) 992-7362,Info@archersarena.com,https://archersarena.com/,"Indoor archery range and combat archery facility. Offers archery tag, lessons, and open range shooting up to 20 yards. Equipment rental available. Popular for parties and events.","archery, traditional archery, Ontario",,,,,,,,,,,,,,,,,,Partial - Needs Additional Details,,
,Archers Arena,1,1,1,,North York,Ontario,Canada,,,,,,archersarena.com,,,,,,,,,,,,,,,,,,,,Missing - Needs All Details,,
,Grand Archery,1,1,1,,North York,Ontario,Canada,,,,416-576-3978,,,,,,,,,,,,,,,,,,,,,,Missing - Needs All Details,,
,Colby's Shooting Club,1,1,1,Waterloo,waterloo,Ontario,canada,N2V 1B4,43.500556,-80.560591,226-581-0819,colbyshootingclub@shooterschoice.com,https://colbyshootingclub.com/,Archery Range in waterloo,,24/7 to members,,,,,,,,,,,,,,,,,,,
,Lions Archery,1,1,1,,North York,Ontario,Canada,,,,289-834-3819,,,,,,,,,,,,,,,,,,,,,,Missing - Needs All Details,,
,Oakville Archery Club,1,1,1,Oakville,Oakville,Ontario,Canada,,43.4675,-79.6877,,,,Community archery club in Oakville,"archery, traditional archery, Ontario",,,20 yards,8,indoor,yes,no,no,yes,N/A,$20/person with a member,no,no,n/a,all types,24/7,yes,Partial - Needs Additional Details,,
,Orangeville Archery Club,1,1,1,Orangeville,Orangeville,Ontario,Canada,,43.9191,-80.0947,,,,Archery club in Orangeville,"archery, traditional archery, Ontario",,,,,,,,,,,,,,,,,,Partial - Needs Additional Details,,
,Orillia Archery Club,1,1,1,Orillia,Orillia,Ontario,Canada,,44.6084,-79.4196,,,,Archery club in Orillia,"archery, traditional archery, Ontario",,,,,,,,,,,,,,,,,,Partial - Needs Additional Details,,
,Archery 2 You,1,1,1,Durham Region,Oshawa,Ontario,Canada,,43.8971,-78.8658,,,,Mobile archery service in Durham,"archery, traditional archery, Ontario",,,,,,,,,,,,,,,,,,Partial - Needs Additional Details,,
,Oshawa Archery Club,1,1,1,Oshawa,Oshawa,Ontario,Canada,,43.8971,-78.8658,,,,Archery club in Oshawa,"archery, traditional archery, Ontario",,,,,,,,,,,,,,,,,,Partial - Needs Additional Details,,
,Woods North Archery,1,1,1,Oshawa,Oshawa,Ontario,Canada,,43.8971,-78.8658,,,,Professional archery facility in Oshawa,"archery, traditional archery, Ontario",,,,,,,,,,,,,,,,,,Partial - Needs Additional Details,,
,Archery Canada,1,1,1,,Ottawa,Ontario,Canada,,,,613-260-2113,,archerycanada.ca,,,,,,,,,,,,,,,,,,,,Missing - Needs All Details,,
,Carleton Archery Club,1,1,1,,Ottawa,Ontario,Canada,,,,613-696-9127,,,,,,,,,,,,,,,,,,,,,,Missing - Needs All Details,,
,Gatineau Park Archery,1,1,1,Gatineau Park Area,Ottawa,Ontario,Canada,,45.5017,-75.812,,,,Outdoor archery near Gatineau Park,"archery, traditional archery, Ontario",,,,,,,,,,,,,,,,,,Partial - Needs Additional Details,,
,Gloucester Archery Club,1,1,1,Gloucester,Ottawa,Ontario,Canada,,45.4086,-75.5603,,,,Archery club in Gloucester,"archery, traditional archery, Ontario",,,,,,,,,,,,,,,,,,Partial - Needs Additional Details,,
,Kanata Archery Club,1,1,1,Kanata,Ottawa,Ontario,Canada,,45.3002,-75.9002,,,,Archery club in Kanata,"archery, traditional archery, Ontario",,,,,,,,,,,,,,,,,,Partial - Needs Additional Details,,
,Kanata Archery Club,1,1,1,Kanata,Ottawa,Ontario,Canada,,45.3002,-75.9002,,,,Community archery club in Kanata area of Ottawa,"archery, traditional archery, Ontario",,,,,,,,,,,,,,,,,,Partial - Needs Additional Details,,
,Nepean Archery Club,1,1,1,Nepean,Ottawa,Ontario,Canada,,45.3361,-75.7284,,,,Archery club in Nepean,"archery, traditional archery, Ontario",,,,,,,,,,,,,,,,,,Partial - Needs Additional Details,,
,Orleans Archery Club,1,1,1,Orleans,Ottawa,Ontario,Canada,,45.4726,-75.5198,,,,Archery club in Orleans,"archery, traditional archery, Ontario",,,,,,,,,,,,,,,,,,Partial - Needs Additional Details,,
,Ottawa Archers,1,1,1,Ottawa,Ottawa,Ontario,Canada,,45.4215,-75.6972,,,,Ottawa-based archery club,"archery, traditional archery, Ontario",,,,,,,,,,,,,,,,,,Partial - Needs Additional Details,,
,Ottawa Archery Club,1,1,1,Ottawa,Ottawa,Ontario,Canada,,45.4215,-75.6972,,,,Archery club in Ottawa,"archery, traditional archery, Ontario",,,,,,,,,,,,,,,,,,Partial - Needs Additional Details,,
,Ottawa Kyudo Association,1,1,1,,Ottawa,Ontario,Canada,,,,343-999-5587,,,,,,,,,,,,,,,,,,,,,,Missing - Needs All Details,,
,RA Centre Archery Club,1,1,1,2451 Riverside Drive,Ottawa,Ontario,Canada,K1H 7X7,45.39,-75.6675,(613) 733-5100,,https://www.racentre.com/archery.html,Archery range at RA Centre. Annual memberships and short-term passes available. Mandatory Internal Safety Course required. Junior (10-17) and Adult (18+) memberships. Hosts tournaments from club-level to provincial/national. Keybox access for members.,"archery, traditional archery, Ontario",,,,,,,,,,,,,,,,,,Partial - Needs Additional Details,,
,XQuest Archery,1,1,1,Ottawa,Ottawa,Ontario,Canada,,45.4215,-75.6972,,,https://www.xquestarchery.com/,"Ottawa's largest indoor archery range. Pro shop, Olympic recurve specialists. NCCP certified coaches including Competition Development level. Family-owned since 2008. Lessons, private coaching, club shooting. Hosts provincial tournaments.","archery, traditional archery, Ontario","Mon-Fri: 12-9pm, Sat-Sun: 9am-4pm. Range: Wed 3-9pm, Thu 3-5pm, Fri 3-8pm, Sat 3-6pm",,,,,,,,,,,,,,,,,Partial - Needs Additional Details,,
,Owen Sound Archery Club,1,1,1,Owen Sound,Owen Sound,Ontario,Canada,,44.5673,-80.9434,,,,Archery club in Owen Sound,"archery, traditional archery, Ontario",,,,,,,,,,,,,,,,,,Partial - Needs Additional Details,,
,Parry Sound Archery Club,1,1,1,Parry Sound,Parry Sound,Ontario,Canada,,45.3475,-80.0353,,,,Archery club in Parry Sound,"archery, traditional archery, Ontario",,,,,,,,,,,,,,,,,,Partial - Needs Additional Details,,
,Pembroke Archery Club,1,1,1,Pembroke,Pembroke,Ontario,Canada,,45.8267,-77.1114,,,,Archery club in Pembroke,"archery, traditional archery, Ontario",,,,,,,,,,,,,,,,,,Partial - Needs Additional Details,,
,Huronia Family Archery,1,1,1,Penetanguishene,Penetanguishene,Ontario,Canada,,44.7682,-79.9313,,,,Family-oriented archery facility in Penetanguishene,"archery, traditional archery, Ontario",,,,,,,,,,,,,,,,,,Partial - Needs Additional Details,,
,Penetanguishene Archery Club,1,1,1,Penetanguishene,Penetanguishene,Ontario,Canada,,44.7682,-79.9313,,,,Archery club in Penetanguishene,"archery, traditional archery, Ontario",,,,,,,,,,,,,,,,,,Partial - Needs Additional Details,,
,Perth Archery Club,1,1,1,Perth,Perth,Ontario,Canada,,44.8981,-76.2477,,,,Archery club in Perth,"archery, traditional archery, Ontario",,,,,,,,,,,,,,,,,,Partial - Needs Additional Details,,
,Petawawa Archery Club,1,1,1,Petawawa,Petawawa,Ontario,Canada,,45.8969,-77.2811,,,,"Archery club in Petawawa, hosts Archery Ontario tournaments","archery, traditional archery, Ontario",,,,,,,,,,,,,,,,,,Partial - Needs Additional Details,,
,Kawartha Archers,1,1,1,Peterborough,Peterborough,Ontario,Canada,,44.3091,-78.3197,,,,Traditional archery club in Kawartha Lakes region,"archery, traditional archery, Ontario",,,,,,,,,,,,,,,,,,Partial - Needs Additional Details,,
,Peterborough Archers,1,1,1,,Peterborough,Ontario,Canada,,,,705-977-1691 / 705-931-9440,,,,,,,,,,,,,,,,,,,,,,Missing - Needs All Details,,
,Peterborough Archery Club,1,1,1,Peterborough,Peterborough,Ontario,Canada,,44.3091,-78.3197,,,,Archery club in Peterborough,"archery, traditional archery, Ontario",,,,,,,,,,,,,,,,,,Partial - Needs Additional Details,,
,Port Colborne District Conservation Club,1,1,1,3757 Second Concession Road,Port Colborne,Ontario,Canada,L3K 5V5,42.910276,-79.157797,905-835-1231,,http://pcdcc.com,"Conservation club established in 1954. Club objectives include encouraging conservation of natural resources. Activities include 3D archery shoots/tournaments, 3D archery league, trap/skeet ranges, airgun field target matches, walleye rearing pond/hatchery, youth camp out, wild game dinner. OFAH member club. 21-acre property with clubhouse.","archery, traditional archery, Ontario",,,,,Outdoor,,Yes,,Yes,"$125 Single, $152 Family (includes OFAH membership)",10,,Yes,,,,,Partial - Needs Additional Details,,
,Port Hope Archery Club,1,1,1,Port Hope,Port Hope,Ontario,Canada,,43.9494,-78.2948,,,,Archery club in Port Hope,"archery, traditional archery, Ontario",,,,,,,,,,,,,,,,,,Partial - Needs Additional Details,,
,Picton Archery Club,1,1,1,Picton,Prince Edward County,Ontario,Canada,,43.9958,-77.1406,,,,Archery club in Picton,"archery, traditional archery, Ontario",,,,,,,,,,,,,,,,,,Partial - Needs Additional Details,,
,Trenton Archery Club,1,1,1,Trenton,Quinte West,Ontario,Canada,,44.102,-77.5761,,,,Archery club in Trenton,"archery, traditional archery, Ontario",,,,,,,,,,,,,,,,,,Partial - Needs Additional Details,,
,Red Lake Archery Club,1,1,1,Red Lake,Red Lake,Ontario,Canada,,51.0333,-93.8333,,,,Archery club in Red Lake,"archery, traditional archery, Ontario",,,,,,,,,,,,,,,,,,Partial - Needs Additional Details,,
,Renfrew Archery Club,1,1,1,Renfrew,Renfrew,Ontario,Canada,,45.4728,-76.6822,,,,Archery club in Renfrew,"archery, traditional archery, Ontario",,,,,,,,,,,,,,,,,,Partial - Needs Additional Details,,
,St. Joseph Island Hunters & Anglers,1,1,1,,Richards Landing/Hilton Beach,Ontario,Canada,,,,705-246-1475,,,,,,,,,,,,,,,,,,,,,,Missing - Needs All Details,,
,That Hunting & Fishing Store,1,1,1,Richmond,Richmond,Ontario,Canada,,45.1664,-75.8044,,,,Hunting and fishing store with archery equipment in Richmond,"archery, traditional archery, Ontario",,,,,,,,,,,,,,,,,,Partial - Needs Additional Details,,
,Richmond Hill Archery,1,1,1,Richmond Hill,Richmond Hill,Ontario,Canada,,43.8828,-79.4403,,,,Archery facility in Richmond Hill,"archery, traditional archery, Ontario",,,,,,,,,,,,,,,,,,Partial - Needs Additional Details,,
,Lakehead Archers Inc.,1,1,1,,Rosslyn,Ontario,Canada,,,,807-939-1672,,,,,,,,,,,,,,,,,,,,,,Missing - Needs All Details,,
,Lambton Bowhunters Assoc. Inc.,1,1,1,,Sarnia,Ontario,Canada,,,,519-542-2617,,,,,,,,,,,,,,,,,,,,,,Missing - Needs All Details,,
,Lambton-Kent Archers,1,1,1,Lambton County,Sarnia,Ontario,Canada,,42.9745,-82.4066,,,,Archery club serving Lambton County region,"archery, traditional archery, Ontario",,,,,,,,,,,,,,,,,,Partial - Needs Additional Details,,
,Sarnia Archery Club,1,1,1,Sarnia,Sarnia,Ontario,Canada,,42.9745,-82.4066,,,,Archery club in Sarnia,"archery, traditional archery, Ontario",,,,,,,,,,,,,,,,,,Partial - Needs Additional Details,,
,Algoma Rod & Gun Club,1,1,1,Sault Ste. Marie area,Sault Ste. Marie,Ontario,Canada,,46.5333,-84.3333,,,,"Rod and gun club with archery facilities, hosts Christmas shoots","archery, traditional archery, Ontario",,,,,,,,,,,,,,,,,,Partial - Needs Additional Details,,
,Arrows in Motion,1,1,1,Sault Ste. Marie,Sault Ste. Marie,Ontario,Canada,,46.5333,-84.3333,,,,Professional archery facility in Sault Ste. Marie,"archery, traditional archery, Ontario",,,,,,,,,,,,,,,,,,Partial - Needs Additional Details,,
,Sault North Archery Club,1,1,1,,Sault Ste. Marie,Ontario,Canada,,,,705-971-3127,,,,,,,,,,,,,,,,,,,,,,Missing - Needs All Details,,
,Sault Ste. Marie Archery Club,1,1,1,Sault Ste. Marie,Sault Ste. Marie,Ontario,Canada,,46.5333,-84.3333,,,,Archery club in Sault Ste. Marie,"archery, traditional archery, Ontario",,,,,,,,,,,,,,,,,,Partial - Needs Additional Details,,
,Soo North Archery Club,1,1,1,Sault Ste. Marie,Sault Ste. Marie,Ontario,Canada,,46.5333,-84.3333,,,,Established archery club in Sault Ste. Marie,"archery, traditional archery, Ontario",,,,,,,,,,,,,,,,,,Partial - Needs Additional Details,,
,Shooting Academy,1,1,1,40 Continental Pl,Scarborough,Ontario,Canada,M1R 2T4,43.7507,-79.2951,(416) 551-1610,,https://shootingacademycanada.com/,"Full-service archery facility offering lessons, range access, pro shop with bow presses, arrow-making equipment, string makers. Offers training from beginner to professional level. Ages 6+. Bow repair and maintenance services.","archery, traditional archery, Ontario",,,,,,,,,,,,,,,,,,Partial - Needs Additional Details,,
,Red Head Archery,1,1,1,3363 ON-28,Selwyn,Ontario,Canada,K0L 2H0,44.4362837,-78.2559392,(705) 931-9440,redheadarchery5@gmail.com,https://redheadarchery.com/,"Family owned and operated archery pro shop in the Kawarthas. Over two decades of experience in hunting and competition archery. Sells new and used equipment, provides lessons with certified coaches, equipment maintenance, re-fletching, arrow cutting, new strings, and general bow maintenance. Features 3D target range. Store Hours: Mon-Fri 5-9pm, Sat 10am-2pm.","archery, traditional archery, Ontario, pro shop, 3D range, Kawarthas, hunting, competition","Monday-Friday: 5:00 PM - 9:00 PM, Saturday: 10:00 AM - 2:00 PM, Sunday: Closed",,,,,,,,,,,,,,,,,Partial - Needs Additional Details,,
,Port Colborne & District Conserv.,1,1,1,,Sherkston,Ontario,Canada,,,,905-894-1336,,,,,,,,,,,,,,,,,,,,,,Missing - Needs All Details,,
,Sioux Lookout Archery Club,1,1,1,Sioux Lookout,Sioux Lookout,Ontario,Canada,,50.0989,-91.9169,,,,Archery club in Sioux Lookout,"archery, traditional archery, Ontario",,,,,,,,,,,,,,,,,,Partial - Needs Additional Details,,
,Smiths Falls Archery Club,1,1,1,248 Gillies Corner Rd,Smiths Falls,Ontario,Canada,,44.9053,-76.0228,613-285-7555,,,Archery club in Smiths Falls,"archery, traditional archery, Ontario",,,,,,,,,,,,,,,,,,Partial - Needs Additional Details,,
,Archery Niagara,1,1,1,Niagara Region,St. Catharines,Ontario,Canada,,43.1594,-79.2469,,,,Archery club serving the Niagara region,"archery, traditional archery, Ontario",,,,,,,,,,,,,,,,,,Partial - Needs Additional Details,,
,St. Catharines Archery Club,1,1,1,St. Catharines,St. Catharines,Ontario,Canada,,43.1594,-79.2469,,,,Archery club in St. Catharines,"archery, traditional archery, Ontario",,,,,,,,,,,,,,,,,,Partial - Needs Additional Details,,
,St. Catharines Bowmen Archery Club,1,1,1,St. Catharines,St. Catharines,Ontario,Canada,,43.1594,-79.2469,,,,Established archery club in St. Catharines,"archery, traditional archery, Ontario",,,,,,,,,,,,,,,,,,Partial - Needs Additional Details,,
,St. Thomas Archery Club,1,1,1,St. Thomas,St. Thomas,Ontario,Canada,,42.7789,-81.1754,,,,Archery club in St. Thomas,"archery, traditional archery, Ontario",,,,,,,,,,,,,,,,,,Partial - Needs Additional Details,,
,Strathroy Archery Club,1,1,1,Strathroy,Strathroy-Caradoc,Ontario,Canada,,42.9542,-81.6177,,,,Archery club in Strathroy,"archery, traditional archery, Ontario",,,,,,,,,,,,,,,,,,Partial - Needs Additional Details,,
,Lively Archery Club,1,1,1,,Sudbury,Ontario,Canada,,,,705-524-0777,,,,,,,,,,,,,,,,,,,,,,Missing - Needs All Details,,
,Sudbury Game & Fish Protect. Assoc.,1,1,1,,Sudbury,Ontario,Canada,,,,705-690-7464 / 705-670-4869,,,,,,,,,,,,,,,,,,,,,,Missing - Needs All Details,,
,Kent County Bowhunters Association,1,1,1,Thamesville,Thamesville,Ontario,Canada,,42.5917,-81.8333,,,,Bowhunting association in Kent County,"archery, traditional archery, Ontario",,,,,,,,,,,,,,,,,,Partial - Needs Additional Details,,
,Thessalon & Area Rod & Gun,1,1,1,,Thessalon,Ontario,Canada,,,,705-257-1980,,,,,,,,,,,,,,,,,,,,,,Missing - Needs All Details,,
,Thessalon and Area Rod and Gun Club,1,1,1,53 Ansonia Rd,Thessalon,Ontario,Canada,,46.2592,-83.5467,(705) 356-7517,,http://www.thessalongunclub.com/,Rod and gun club with outdoor archery facilities including target and 3D ranges,"archery, traditional archery, Ontario",,,,,,,,,,,,,,,,,,Partial - Needs Additional Details,,
,Forest City Archers,1,1,1,21940 Valleyview Rd,Thorndale,Ontario,Canada,,,,,,forestcityarchers.ca,Outdoor archery club near London,,,,,,Outdoor,,,,Yes,$175,,,,,,,,Partial,,
,Thorold Archery Club,1,1,1,Thorold,Thorold,Ontario,Canada,,43.1242,-79.1997,,,,Archery club in Thorold,"archery, traditional archery, Ontario",,,,,,,,,,,,,,,,,,Partial - Needs Additional Details,,
,Fort William Archers,1,1,1,Thunder Bay,Thunder Bay,Ontario,Canada,,48.3809,-89.2477,,,,Traditional archery club in Fort William area,"archery, traditional archery, Ontario",,,,,,,,,,,,,,,,,,Partial - Needs Additional Details,,
,Lakehead Archers,1,1,1,Thunder Bay,Thunder Bay,Ontario,Canada,,48.3809,-89.2477,,,,Archery club in Thunder Bay area,"archery, traditional archery, Ontario",,,,,,,,,,,,,,,,,,Partial - Needs Additional Details,,
,Thunder Bay Archery Club,1,1,1,Thunder Bay,Thunder Bay,Ontario,Canada,,48.3809,-89.2477,,,,Archery club in Thunder Bay,"archery, traditional archery, Ontario",,,,,,,,,,,,,,,,,,Partial - Needs Additional Details,,
,Tillsonburg Archery Club,1,1,1,Tillsonburg,Tillsonburg,Ontario,Canada,,42.8609,-80.7297,,,,Archery club in Tillsonburg,"archery, traditional archery, Ontario",,,,,,,,,,,,,,,,,,Partial - Needs Additional Details,,
,Timmins Archery Club,1,1,1,Timmins,Timmins,Ontario,Canada,,48.4758,-81.3304,,,,Archery club in Timmins,"archery, traditional archery, Ontario",,,,,,,,,,,,,,,,,,Partial - Needs Additional Details,,
,AEMMA Traditional Archery,1,1,1,Toronto,Toronto,Ontario,Canada,,43.6532,-79.3832,,,,Academy of European Medieval Martial Arts traditional archery program,"archery, traditional archery, Ontario",,,,,,,,,,,,,,,,,,Partial - Needs Additional Details,,
,E.T. Seton Park Archery Range,1,1,1,"E.T. Seton Park, Don Mills Rd",Toronto,Ontario,Canada,M3C 1C5,43.7186,-79.3401,(416) 392-1111,,https://www.toronto.ca/,"Toronto's public archery range located in E.T. Seton Park, south of Ontario Science Centre. FREE 24/7 access, 365 days a year. Distances from 18m to 70m. Used by beginners to Olympic-level athletes. No supervision, honour system.","archery, traditional archery, Ontario","Open 24/7, 365 days per year",,,,,,,,,,,,,,,,,Partial - Needs Additional Details,,
,Etobicoke Archery Club,1,1,1,Etobicoke,Toronto,Ontario,Canada,,43.6205,-79.5132,,,,Archery club in Etobicoke,"archery, traditional archery, Ontario",,,,,,,,,,,,,,,,,,Partial - Needs Additional Details,,
,Hart House Archery Club,1,1,1,"Hart House, 7 Hart House Circle, University of Toronto",Toronto,Ontario,Canada,M5S 3H3,43.6629,-79.3957,,,http://sites.utoronto.ca/hharcher/,"University of Toronto archery club with dedicated indoor shooting range in downtown Toronto. Open Tuesday and Thursday 5-8pm. Membership-based club, annual memberships available. Hosts Inter-University Archery Tournament.","archery, traditional archery, Ontario",Tuesday and Thursday: 5:00 PM - 8:00 PM,,,,,,,,,,,,,,,,,Partial - Needs Additional Details,,
,North York Archery Club,1,1,1,North York,Toronto,Ontario,Canada,,43.7615,-79.4111,,,,Archery club in North York,"archery, traditional archery, Ontario",,,,,,,,,,,,,,,,,,Partial - Needs Additional Details,,
,Scarborough Archery Club,1,1,1,Scarborough,Toronto,Ontario,Canada,,43.7764,-79.2318,,,,Archery club serving Scarborough area,"archery, traditional archery, Ontario",,,,,,,,,,,,,,,,,,Partial - Needs Additional Details,,
,University of Toronto Archery Club,1,1,1,University of Toronto,Toronto,Ontario,Canada,,43.6629,-79.3957,,,,University of Toronto student archery club,"archery, traditional archery, Ontario",,,,,,,,,,,,,,,,,,Partial - Needs Additional Details,,
,Vaughan Archery Club,1,1,1,Vaughan,Vaughan,Ontario,Canada,,43.8361,-79.4983,,,,Archery club in Vaughan,"archery, traditional archery, Ontario",,,,,,,,,,,,,,,,,,Partial - Needs Additional Details,,
,Wallaceburg C.B.D. Archery Club,1,1,1,,Wallaceburg,Ontario,Canada,,,,519-627-2469,,,,,,,,,,,,,,,,,,,,,,Missing - Needs All Details,,
,Wasaga Beach Archery Club,1,1,1,Wasaga Beach,Wasaga Beach,Ontario,Canada,,44.5198,-80.0164,,,,Archery club in Wasaga Beach,"archery, traditional archery, Ontario",,,,,,,,,,,,,,,,,,Partial - Needs Additional Details,,
,The Bow Shop,1,1,1,Waterloo/Kitchener,Waterloo,Ontario,Canada,,43.4643,-80.5204,,,,"Archery equipment shop and range, highly recommended by Ontario archers for quality equipment","archery, traditional archery, Ontario",,,,,,,,,,,,,,,,,,Partial - Needs Additional Details,,
,University of Waterloo Archery Club,1,1,1,University of Waterloo,Waterloo,Ontario,Canada,,43.4723,-80.5449,,,,University student archery club,"archery, traditional archery, Ontario",,,,,,,,,,,,,,,,,,Partial - Needs Additional Details,,
,Wawa Archery Club,1,1,1,Wawa,Wawa,Ontario,Canada,,47.9889,-84.7744,,,,Archery club in Wawa,"archery, traditional archery, Ontario",,,,,,,,,,,,,,,,,,Partial - Needs Additional Details,,
,Welland Archery Club,1,1,1,Welland,Welland,Ontario,Canada,,42.9922,-79.2483,,,,Archery club in Welland,"archery, traditional archery, Ontario",,,,,,,,,,,,,,,,,,Partial - Needs Additional Details,,
,Waterloo County Bowmen,1,1,1,1440-12 Jigs Hollow Rd,West Montrose Woolwich,Ontario,Canada,N0B 2V0,,,519-654-6314,,waterloocountybowmen.ca,"45 acres, 40 target 3D course, practice range. Family-oriented, camping available. Hosts Ontario 3D Provincials.",,,,,,Outdoor,,,,Yes,,,,,,,,,Missing - Needs All Details,,
,West Nipissing Archers,1,1,1,Sturgeon Falls,West Nipissing,Ontario,Canada,,46.3667,-79.9333,,,,Archery club in Sturgeon Falls area,"archery, traditional archery, Ontario",,,,,,,,,,,,,,,,,,Partial - Needs Additional Details,,
,Archery Windsor,1,1,1,1075 Ypres Ave,Windsor,Ontario,Canada,N8W 1R3,,,,,archerywindsor.ca,,,"Season starts October, check website",,,,Indoor,,,,,$110 for 20 week season,,Yes - included in registration,Yes,,,,,Partial,,
,Rose City Archers,1,1,1,1971 Rossini Blvd,Windsor,Ontario,Canada,N8W 4P6,,,519-948-7521,,rosecityarchers.ca,,,"Sunday 5:45-7pm (youth), Sun/Wed 7-8:30pm (adults)",,,,Indoor,,,,,$50,"Adults $4, Seniors $2, Non-members $6",,Yes,,,,,Good,,
,Windsor Archery Club,1,1,1,Windsor,Windsor,Ontario,Canada,,42.3149,-83.0364,,,,Archery club in Windsor,"archery, traditional archery, Ontario",,,,,,,,,,,,,,,,,,Partial - Needs Additional Details,,
,Oxford Fish & Game,1,1,1,,Woodstock,Ontario,Canada,,,,519-983-3532,,,,,,,,,,,,,,,,,,,,,,Missing - Needs All Details,,
,Woodstock Archery Club,1,1,1,Woodstock,Woodstock,Ontario,Canada,,43.1315,-80.7467,,,,Archery club in Woodstock,"archery, traditional archery, Ontario",,,,,,,,,,,,,,,,,,Partial - Needs Additional Details,,
,Rogue's Hollow Archery Adventure,1,1,1,,Yarker,Ontario,Canada,,,,613-876-3075,,,,,,,,,,,,,,,,,,,,,,Missing - Needs All Details,,
,Sydenham Sportsmen's Association,1,1,1,Owen Sound,Owen Sound,Ontario,Canada,N4K 5P3,44.567,-80.933,N/A,john@sydenhamsportsmen.com,sydenhamsportsmen.com,"Sportsmen's association offering archery range, trap, skeet, sporting clays, rifle, cowboy action shooting, and conservation programs","archery, traditional archery, Ontario",Indoor/Outdoor: Outdoor,"Amenities: Multiple shooting disciplines, conservation programs",Membership: Required,Public_Access: Members only,"Programs: Archery, trap, skeet, sporting clays, rifle, cowboy action, conservation",Operating_Hours: N/A,Range_Type: Outdoor archery,Target_Types: N/A,Max_Distance: N/A,Bow_Types: All bow types,Accessibility: N/A,Parking: Yes,Lesson: N/A,Lesson_Price: N/A,Contact_Name: N/A,N/A,N/A,Complete,,
,Kincardine Nimrod Club,1,1,1,Kincardine,Kincardine,Ontario,Canada,N2Z 2Y9,44.167,-81.633,(519) 395-0997,kincardinenimrod@kngc.ca,kincardinenimrodclub.ca,Rod and gun club with onsite single lane archery range offering shooting distances up to 50 yards. Sand bunker backstop can be used for broadheads.,"archery, traditional archery, Ontario",Indoor/Outdoor: Outdoor,Amenities: Sand bunker backstop for broadheads,Membership: Required,Public_Access: Members only,Programs: Archery range access,Operating_Hours: N/A,Range_Type: Outdoor archery,"Target_Types: Standard targets, broadheads allowed",Max_Distance: 50 yards,Bow_Types: All bow types,Accessibility: N/A,Parking: Yes,Lesson: N/A,Lesson_Price: N/A,Contact_Name: N/A,N/A,N/A,Complete,,
,Bruce Peninsula Sportsmen Association,1,1,1,Bruce Peninsula,Bruce Peninsula,Ontario,Canada,N0H 2T0,44.733,-81.133,(519) 873-0711,bpsportsmen@gmail.com,bpsportsmen.com,Sportsmen's association offering archery programs and facilities. Spring 2026 start date weather dependent.,"archery, traditional archery, Ontario",Indoor/Outdoor: Outdoor,Amenities: Outdoor archery facilities,Membership: Required,Public_Access: Members only,Programs: Seasonal archery programs,"Operating_Hours: Spring 2026 restart, weather dependent",Range_Type: Outdoor archery,Target_Types: N/A,Max_Distance: N/A,Bow_Types: All bow types,Accessibility: N/A,Parking: Yes,Lesson: N/A,Lesson_Price: N/A,Contact_Name: N/A,N/A,N/A,Complete,,
,East Grey Hunters and Anglers Association,1,1,1,Meaford,Meaford,Ontario,Canada,N4L 1W5,44.607,-80.594,N/A,eghaa.ca@gmail.com,eghaa.ca,Hunters and anglers association offering archery facilities and programs in the Grey County area,"archery, traditional archery, Ontario",Indoor/Outdoor: Outdoor,Amenities: Archery facilities,Membership: Required,Public_Access: Members only,Programs: Archery programs,Operating_Hours: N/A,Range_Type: Outdoor archery,Target_Types: N/A,Max_Distance: N/A,Bow_Types: All bow types,Accessibility: N/A,Parking: Yes,Lesson: N/A,Lesson_Price: N/A,Contact_Name: N/A,N/A,N/A,Complete,,